ID,Year_Birth,Education,Income,Dt_Customer,Recency,NumWebPurchases,NumStorePurchases,NumWebVisitsMonth
5524,1957,Graduation,58138,9/4/2012,58,8,4,7
2174,1954,Graduation,46344,3/8/2014,38,1,2,5
4141,1965,Graduation,71613,8/21/2013,26,8,10,4
6182,1984,Graduation,26646,2/10/2014,26,2,4,6
5324,1981,PhD,58293,1/19/2014,94,5,6,5
7446,1967,Master,62513,9/9/2013,16,6,10,6
965,1971,Graduation,55635,11/13/2012,34,7,7,6
6177,1985,PhD,33454,5/8/2013,32,4,4,8
4855,1974,PhD,30351,6/6/2013,19,3,2,9
5899,1950,PhD,5648,3/13/2014,68,1,0,20
1994,1983,Graduation,,11/15/2013,11,1,2,7
387,1976,Basic,7500,11/13/2012,59,2,3,8
2125,1959,Graduation,63033,11/15/2013,82,3,8,2
8180,1952,Master,59354,11/15/2013,53,6,5,6
2569,1987,Graduation,17323,10/10/2012,38,1,3,8
2114,1946,PhD,82800,11/24/2012,23,7,12,3
9736,1980,Graduation,41850,12/24/2012,51,3,3,8
4939,1946,Graduation,37760,8/31/2012,20,4,6,7
6565,1949,Master,76995,3/28/2013,91,11,9,5
2278,1985,2n Cycle,33812,11/3/2012,86,2,3,6
9360,1982,Graduation,37040,8/8/2012,41,4,5,8
5376,1979,Graduation,2447,1/6/2013,42,0,0,1
1993,1949,PhD,58607,12/23/2012,63,2,9,8
4047,1954,PhD,65324,1/11/2014,0,6,9,4
1409,1951,Graduation,40689,3/18/2013,69,7,5,8
7892,1969,Graduation,18589,1/2/2013,89,2,3,7
2404,1976,Graduation,53359,5/27/2013,4,5,4,7
5255,1986,Graduation,,2/20/2013,19,27,0,1
9422,1989,Graduation,38360,5/31/2013,26,2,4,3
1966,1965,PhD,84618,11/22/2013,96,6,10,2
6864,1989,Master,10979,5/22/2014,34,3,3,5
3033,1963,Master,38620,5/11/2013,56,2,3,3
5710,1970,Graduation,40548,10/10/2012,31,2,4,5
7373,1952,PhD,46610,10/29/2012,8,4,6,6
8755,1946,Master,68657,2/20/2013,4,3,9,7
10738,1951,Master,49389,8/29/2013,55,2,3,7
4339,1970,PhD,67353,12/31/2013,37,5,12,2
10755,1976,2n Cycle,23718,9/2/2013,76,3,2,7
8595,1973,Graduation,42429,2/11/2014,99,1,3,5
2968,1943,PhD,48948,2/1/2013,53,7,5,6
8601,1980,Graduation,80011,4/29/2013,3,8,5,4
503,1985,Master,20559,3/12/2013,88,2,3,8
8430,1957,Graduation,21994,12/24/2012,4,0,3,5
7281,1959,PhD,,11/5/2013,80,1,4,2
2139,1975,Master,7500,10/2/2013,19,2,3,5
1371,1976,Graduation,79941,6/28/2014,72,2,9,1
9909,1996,2n Cycle,7500,11/9/2012,24,3,3,9
7286,1968,Graduation,41728,5/24/2013,92,2,2,10
7244,1951,Graduation,,1/1/2014,96,2,4,6
6566,1954,PhD,72550,11/8/2012,39,5,12,8
8614,1957,Graduation,65486,5/12/2014,29,4,10,2
4114,1964,Master,79143,8/11/2012,2,6,13,3
1331,1977,Graduation,35790,1/2/2013,54,2,3,7
2225,1977,Graduation,82582,6/7/2014,54,4,7,1
9381,1978,Graduation,66373,6/12/2013,57,4,10,3
6260,1955,Master,82384,11/19/2012,55,3,13,1
10383,1966,Graduation,70287,4/2/2013,30,5,10,3
7437,1988,Graduation,27938,4/28/2014,31,1,4,3
8557,1982,Graduation,,6/17/2013,57,2,3,6
8375,1968,PhD,55954,3/3/2014,63,8,6,7
6853,1982,Master,75777,7/4/2013,12,3,11,1
3076,1975,Graduation,66653,9/7/2012,18,4,12,3
1012,1952,Graduation,61823,2/18/2013,26,8,10,7
6518,1951,PhD,67680,6/11/2013,8,7,8,5
4137,1948,Graduation,70666,12/6/2013,29,7,4,4
8082,1971,Graduation,25721,5/21/2013,75,1,2,7
1386,1967,Graduation,32474,5/11/2014,0,1,2,7
9369,1979,2n Cycle,88194,3/19/2014,19,11,10,5
4477,1958,Graduation,69096,9/27/2013,4,5,10,4
1357,1970,Graduation,74854,4/8/2013,90,2,5,5
1402,1954,Master,66991,9/11/2012,1,4,6,3
10629,1973,2n Cycle,,9/14/2012,25,3,3,8
6312,1959,Graduation,65031,3/17/2013,29,10,13,7
8132,1975,PhD,60631,4/5/2013,88,9,8,7
1050,1952,Graduation,28332,4/30/2014,58,2,4,2
5846,1977,Graduation,40246,12/19/2012,68,1,2,6
1859,1972,Master,75251,8/27/2012,34,7,5,5
7503,1976,Graduation,75825,10/12/2012,40,5,9,4
10401,1976,2n Cycle,26326,9/4/2013,12,0,3,3
1618,1965,Graduation,56046,1/2/2013,9,10,8,8
3332,1985,Graduation,29760,8/29/2012,87,3,4,8
2261,1969,Graduation,26304,6/23/2013,5,1,2,7
5346,1973,2n Cycle,23559,7/3/2013,87,3,3,7
4119,1963,Master,38620,5/11/2013,56,2,3,3
535,1987,Graduation,81361,2/25/2014,18,3,13,1
5268,1960,Graduation,29440,8/11/2013,95,1,4,7
273,1970,Master,36138,7/16/2013,48,3,4,7
4452,1957,Graduation,50388,5/28/2014,3,6,6,7
8504,1973,Graduation,79593,5/12/2014,70,5,7,2
771,1967,Graduation,54178,1/21/2014,79,2,5,2
8996,1957,PhD,,11/19/2012,4,7,8,9
9235,1957,Graduation,,5/27/2014,45,1,2,7
5798,1973,Master,,11/23/2013,87,2,8,1
11178,1972,Master,42394,3/23/2014,69,1,3,7
2230,1970,PhD,23626,5/24/2014,84,3,3,5
7516,1983,Graduation,30096,5/22/2014,30,2,3,6
7247,1960,Graduation,47916,11/22/2012,72,7,6,6
11100,1972,Graduation,51813,4/11/2013,37,2,3,7
4646,1951,2n Cycle,78497,12/1/2013,44,5,12,2
3037,1983,PhD,50150,6/20/2013,32,5,7,5
1473,1960,2n Cycle,47823,7/23/2013,0,2,3,8
1016,1959,PhD,34554,3/30/2014,43,2,3,6
4518,1979,Graduation,85693,4/20/2013,59,9,11,5
9370,1945,PhD,65846,5/17/2013,68,6,6,4
8908,1959,Graduation,87195,5/8/2014,35,3,5,1
8373,1979,Basic,24594,12/10/2013,94,1,3,5
7533,1964,Graduation,49096,9/24/2013,15,4,4,7
2683,1969,Graduation,52413,2/2/2013,56,6,12,6
3629,1978,Graduation,38557,12/19/2012,17,3,3,7
10991,1960,Master,89058,12/7/2012,18,5,4,2
5077,1979,Graduation,77298,11/2/2013,46,6,11,3
7431,1991,PhD,68126,11/10/2012,40,7,5,9
3267,1963,Master,57288,6/25/2014,27,8,8,6
999,1991,Graduation,86037,1/2/2013,95,6,11,3
9215,1980,PhD,43974,12/12/2012,19,6,6,7
2286,1962,Graduation,50785,9/10/2013,27,2,3,6
1592,1970,Graduation,90765,1/24/2014,25,4,5,1
367,1978,2n Cycle,36550,2/19/2013,74,9,5,9
5234,1967,2n Cycle,30753,7/11/2013,85,1,3,5
9862,1969,Graduation,21918,11/14/2013,37,2,3,6
9805,1953,Master,56129,6/20/2013,65,6,10,4
6205,1967,Master,32557,2/24/2014,13,2,3,5
8442,1985,Master,19510,9/4/2013,63,1,3,7
7386,1976,Graduation,30992,4/22/2013,83,1,3,7
7215,1983,Graduation,101970,3/12/2013,69,6,13,2
1491,1965,2n Cycle,71488,2/18/2013,87,3,7,1
11071,1984,Graduation,79607,4/21/2013,37,3,6,1
3381,1953,Master,54348,6/8/2014,51,2,4,6
8268,1961,PhD,,7/11/2013,23,6,7,6
11051,1956,PhD,77376,5/10/2014,72,6,10,4
8026,1952,Graduation,62998,9/30/2013,10,5,5,5
433,1958,Master,61331,3/10/2013,42,11,6,8
9597,1969,Graduation,73448,2/10/2014,10,7,9,4
1295,1963,Graduation,,8/11/2013,96,6,7,4
5290,1964,PhD,41551,8/14/2013,51,5,5,8
1685,1967,PhD,62981,3/17/2013,21,4,13,3
5342,1976,Basic,9548,8/8/2012,31,1,3,8
9579,1959,PhD,33762,7/7/2013,61,2,2,8
7660,1973,PhD,35860,5/19/2014,37,1,2,5
1461,1965,PhD,36921,7/28/2013,74,2,3,7
821,1992,Master,92859,10/19/2012,46,5,12,2
11084,1976,Master,65104,11/14/2013,4,3,7,7
8690,1962,Graduation,86111,4/19/2013,73,5,10,2
2937,1974,PhD,68352,8/28/2013,47,8,9,6
9701,1988,Graduation,41883,3/19/2013,13,4,3,7
9949,1976,Graduation,59809,10/18/2012,36,3,6,8
10837,1975,Graduation,23957,10/28/2012,47,2,3,6
3120,1981,Graduation,38547,8/28/2013,49,1,2,8
5885,1973,2n Cycle,35688,8/22/2012,94,4,4,8
4050,1966,Master,49605,6/21/2014,65,2,4,3
3830,1953,Master,59354,4/24/2014,59,4,7,3
7987,1969,Graduation,65747,3/7/2014,96,8,6,6
7798,1972,2n Cycle,46344,12/14/2012,28,7,5,7
92,1988,Graduation,34176,5/12/2014,12,3,4,6
7055,1952,PhD,61010,10/9/2012,57,8,11,5
10240,1949,Graduation,69372,2/19/2013,10,10,6,4
3025,1958,Graduation,49967,7/8/2013,4,6,5,7
9283,1978,Graduation,60199,9/12/2013,49,0,3,4
9970,1977,Graduation,55375,10/17/2013,3,1,6,2
2730,1955,Graduation,80317,8/20/2013,64,3,10,1
2795,1958,Master,30523,7/1/2013,0,1,2,7
9260,1945,PhD,70356,11/5/2012,20,10,9,6
8182,1984,Graduation,23228,1/5/2014,91,3,4,8
10095,1975,PhD,74165,5/1/2013,9,5,10,2
8475,1973,PhD,157243,3/1/2014,98,0,0,0
4370,1966,Graduation,43482,11/13/2013,83,2,4,6
10573,1953,Graduation,62551,11/18/2013,27,6,4,3
3712,1959,Graduation,52332,8/28/2013,63,3,6,4
6637,1988,Graduation,66951,11/2/2013,46,3,7,1
3152,1957,Graduation,26091,2/25/2014,84,2,3,5
5610,1965,Graduation,33456,4/21/2014,58,1,3,7
6460,1982,Graduation,28718,7/13/2013,78,2,3,8
1349,1970,Graduation,50447,4/21/2014,4,3,3,6
1880,1959,PhD,53537,1/30/2014,17,2,3,5
641,1967,Graduation,52074,4/4/2014,77,2,2,4
8717,1975,PhD,80427,9/12/2012,56,11,8,5
10314,1948,PhD,83837,12/16/2012,79,9,5,4
10854,1970,PhD,38853,5/23/2014,90,2,3,7
10492,1959,Graduation,38285,6/24/2014,96,0,3,2
6935,1951,2n Cycle,78497,12/1/2013,44,5,12,2
7698,1976,PhD,51650,5/11/2014,81,4,4,5
3559,1988,2n Cycle,16248,5/10/2014,77,2,3,6
10562,1946,Master,66835,9/28/2013,21,6,13,2
10796,1984,Master,30477,1/22/2014,16,1,3,6
2563,1961,Basic,28249,6/15/2014,80,2,3,6
3518,1983,Graduation,25271,12/5/2012,45,1,2,9
5823,1970,PhD,32303,3/8/2014,63,1,4,5
3934,1966,Graduation,61286,8/2/2013,34,7,8,5
6982,1976,Graduation,74068,3/19/2013,14,4,9,2
6431,1964,PhD,45759,2/23/2013,13,2,3,7
9733,1978,Basic,24882,9/9/2012,52,1,2,6
5602,1989,PhD,66973,5/17/2013,98,8,12,3
7829,1900,2n Cycle,36640,9/26/2013,99,2,2,5
1324,1988,Graduation,38872,5/30/2013,93,3,3,8
326,1973,Graduation,51148,2/18/2013,38,5,6,6
7224,1977,Graduation,31353,12/29/2013,24,1,2,8
6999,1980,Master,69661,5/13/2014,80,7,12,3
9938,1954,Graduation,80067,9/19/2013,82,4,6,2
6422,1954,Graduation,86718,1/17/2013,20,5,5,2
3182,1973,PhD,46854,3/31/2014,81,5,3,8
7300,1952,Graduation,69142,6/29/2014,50,8,7,5
10424,1968,Graduation,75922,12/9/2013,60,4,9,1
8727,1978,Graduation,63693,10/14/2013,63,11,9,6
2798,1977,PhD,102160,11/2/2012,54,7,10,4
1030,1965,PhD,40637,7/17/2013,72,1,3,7
624,1984,Master,18890,11/10/2012,5,0,2,6
5176,1988,Graduation,29604,12/8/2013,88,1,3,9
5552,1963,Master,48721,5/13/2013,50,4,5,6
868,1966,Graduation,44794,6/8/2014,99,2,3,6
380,1954,Graduation,64497,9/10/2012,17,11,9,8
2677,1956,Graduation,46097,3/31/2013,11,3,6,4
6521,1954,Graduation,77972,3/18/2014,18,4,9,1
6927,1968,PhD,44377,10/5/2012,70,5,5,8
2877,1974,Master,46014,1/21/2013,21,7,8,7
0,1985,Graduation,70951,5/4/2013,66,3,9,1
1584,1977,Graduation,41443,4/1/2014,79,8,5,8
7264,1978,2n Cycle,52195,5/12/2014,2,1,2,8
6274,1948,Master,83790,11/15/2013,81,8,6,3
1377,1954,Master,44551,8/31/2013,24,4,5,7
454,1980,Graduation,69508,11/14/2012,48,11,11,6
1755,1988,2n Cycle,45204,4/11/2014,93,1,4,3
2075,1969,Graduation,72460,11/14/2013,56,3,7,1
4785,1970,PhD,77622,4/14/2014,3,6,11,3
9076,1980,PhD,30732,1/5/2013,44,4,4,8
7079,1962,Graduation,63887,9/8/2012,38,9,12,6
4653,1978,Graduation,42011,3/26/2013,46,3,4,8
7375,1976,Graduation,51369,10/25/2012,84,8,4,8
709,1952,Graduation,51537,12/9/2012,27,2,11,8
460,1972,PhD,79930,8/8/2012,72,3,8,2
3726,1986,PhD,34320,2/16/2014,66,1,2,8
6798,1966,Graduation,37070,3/20/2013,30,5,8,7
5341,1962,2n Cycle,81975,1/5/2013,2,6,4,7
1606,1971,Graduation,38590,5/15/2013,65,1,2,8
9617,1951,Graduation,15033,4/16/2014,37,1,3,3
3233,1965,PhD,62745,3/23/2013,89,7,11,5
89,1975,2n Cycle,22212,12/9/2013,49,2,4,6
2936,1982,Master,23661,12/4/2013,46,1,3,7
9449,1958,PhD,79761,10/4/2013,32,5,11,3
7297,1973,Graduation,7500,12/26/2013,54,3,3,7
11004,1893,2n Cycle,60182,5/17/2014,23,1,2,4
313,1968,Graduation,73455,10/28/2013,98,6,10,3
9940,1958,Graduation,64961,12/23/2012,97,6,4,3
10735,1971,Graduation,22804,7/31/2013,75,2,2,9
9529,1990,Graduation,73687,11/28/2013,8,3,9,2
6439,1958,Graduation,61074,8/17/2012,37,11,8,7
7411,1964,PhD,31686,6/5/2014,31,1,3,6
2176,1972,Graduation,80134,5/20/2013,40,5,6,6
9265,1953,Graduation,75027,1/9/2013,74,9,6,5
8867,1988,PhD,67546,8/31/2012,90,4,5,3
8932,1969,Master,65176,10/29/2012,57,9,6,6
10236,1975,Master,31160,9/16/2013,59,2,3,8
6340,1985,Graduation,29938,10/27/2013,52,1,3,6
10089,1974,Graduation,102692,4/5/2013,5,6,13,2
2227,1958,2n Cycle,26490,9/22/2012,92,3,5,6
10992,1967,Graduation,75702,8/29/2012,77,4,11,8
5304,1974,PhD,30899,10/13/2012,35,1,3,6
309,1961,PhD,63342,10/16/2012,48,8,5,6
3406,1964,Graduation,45989,10/22/2012,97,3,7,3
2661,1964,Graduation,18701,6/4/2013,95,2,4,5
3153,1957,PhD,40737,12/8/2013,24,1,2,8
10264,1979,Graduation,15287,10/10/2012,60,1,2,7
1184,1968,PhD,69674,5/22/2013,46,10,10,5
4200,1970,Master,44159,6/17/2014,85,4,6,5
9396,1978,PhD,37717,11/23/2012,31,1,2,9
2387,1952,Master,43776,2/3/2013,9,5,4,8
6690,1966,Master,38179,3/14/2013,30,3,3,7
1225,1963,Graduation,80124,6/26/2014,47,3,8,1
9703,1970,PhD,38097,10/15/2012,70,3,2,7
291,1970,Graduation,72940,6/19/2013,13,3,6,1
4557,1970,Graduation,22070,10/4/2013,11,2,2,6
2379,1953,Graduation,69267,9/22/2012,31,3,5,7
5726,1983,Master,31788,3/20/2014,15,3,4,5
3066,1975,PhD,61905,2/4/2014,2,4,4,5
6336,1960,Graduation,29315,4/6/2014,55,2,4,6
10967,1963,Graduation,33378,2/6/2013,38,2,4,7
2304,1963,PhD,66313,9/16/2013,86,6,12,4
3445,1956,Graduation,60714,1/17/2013,56,7,10,5
7828,1981,Master,77882,4/30/2014,29,3,5,1
3762,1986,PhD,69867,4/2/2013,30,3,8,1
4391,1968,Master,63841,4/21/2013,64,9,9,6
4669,1981,Basic,24480,2/11/2013,46,3,4,7
10144,1976,Graduation,51369,10/25/2012,84,8,4,8
8652,1946,Graduation,37760,8/31/2012,20,4,6,7
1672,1974,PhD,65640,3/1/2014,74,5,8,2
8962,1975,Master,44319,4/17/2014,18,2,3,5
9974,1974,Graduation,30631,7/12/2013,75,3,2,7
10983,1952,Graduation,75278,1/29/2013,17,6,13,3
8148,1956,Master,50898,1/8/2013,88,6,12,5
10102,1966,Graduation,79946,5/12/2014,19,5,5,3
4697,1949,Master,35416,6/13/2013,62,7,5,8
9262,1984,2n Cycle,32414,7/4/2013,11,1,3,7
7254,1969,Graduation,38361,12/27/2013,74,3,3,7
4543,1980,Graduation,82497,10/31/2012,32,2,9,4
4927,1971,Graduation,16626,1/15/2014,76,3,3,9
10451,1965,Graduation,29672,3/12/2013,6,0,3,6
2926,1952,Master,55951,8/23/2012,62,3,11,8
2874,1988,2n Cycle,35388,3/7/2013,20,1,3,7
9738,1986,Master,42386,1/13/2013,43,3,3,8
7119,1982,Graduation,68627,1/12/2013,45,2,6,1
3924,1965,PhD,57912,3/17/2014,34,8,12,5
5827,1958,Graduation,35246,4/16/2014,53,3,3,5
5596,1956,2n Cycle,58821,10/12/2013,44,9,9,6
10812,1978,PhD,46377,3/1/2014,89,2,3,4
1717,1988,Graduation,39747,4/13/2014,43,5,4,8
9491,1984,Graduation,23976,12/27/2013,68,3,3,7
9274,1961,Master,80950,3/28/2013,44,6,9,2
6609,1966,Graduation,27038,9/18/2012,64,3,3,9
6963,1947,Graduation,77457,3/5/2014,85,2,10,1
4440,1964,Master,64100,9/10/2013,93,8,6,7
1379,1992,Master,42670,4/27/2013,12,4,4,4
10032,1976,Graduation,12571,1/18/2014,86,3,3,6
2826,1967,Graduation,22574,10/28/2013,28,2,3,7
2437,1989,Graduation,,6/3/2013,69,6,12,3
6320,1976,Master,70893,2/6/2013,42,6,10,3
3050,1966,Graduation,54198,12/17/2013,13,3,6,4
231,1956,Master,28839,3/11/2014,86,2,3,5
2392,1972,Graduation,40321,7/29/2013,59,3,3,7
9478,1985,Graduation,66503,8/14/2012,30,4,6,3
113,1951,Graduation,30833,7/16/2013,33,1,3,5
2863,1970,Graduation,,8/23/2013,67,2,10,7
1802,1971,Graduation,64795,1/17/2013,23,3,12,2
520,1974,Graduation,34421,7/1/2013,81,1,2,7
8275,1965,PhD,47025,2/9/2014,6,1,2,7
9750,1961,PhD,64325,2/7/2013,41,10,5,7
2607,1953,Graduation,40464,1/11/2013,78,8,8,8
7214,1957,Graduation,62187,7/5/2013,49,4,5,3
5835,1976,PhD,14849,7/2/2013,39,2,4,8
3896,1984,Graduation,27255,11/7/2013,3,1,3,7
10350,1950,PhD,54432,5/9/2013,37,1,3,4
7786,1986,PhD,29999,2/13/2013,22,3,4,8
2861,1983,Graduation,24072,4/16/2013,79,1,2,8
663,1989,PhD,33996,9/11/2013,46,1,3,4
10675,1956,PhD,66334,4/3/2013,82,9,5,5
2521,1971,Master,35178,1/10/2013,10,1,2,7
9592,1983,Graduation,22010,6/30/2013,51,2,3,8
10151,1960,Graduation,62204,9/12/2012,38,4,12,3
7381,1968,Graduation,75693,12/6/2012,10,11,6,4
4099,1972,Graduation,30675,11/12/2012,14,1,3,8
9560,1965,Graduation,83003,3/3/2013,18,7,8,3
1150,1899,PhD,83532,9/26/2013,36,4,4,1
10172,1988,Graduation,68655,8/10/2012,95,4,11,3
11191,1986,Graduation,41411,12/7/2013,11,2,4,6
9707,1969,PhD,55212,11/23/2012,65,4,11,8
6245,1950,PhD,59292,6/13/2013,71,3,8,3
8234,1973,Basic,27190,8/15/2013,13,1,2,8
1411,1952,Graduation,82623,11/10/2013,58,2,4,1
8553,1965,Graduation,44300,6/23/2013,65,1,3,6
1826,1970,Graduation,84835,6/16/2014,0,4,6,1
8842,1971,Graduation,30372,12/25/2012,33,2,3,7
11030,1976,Master,33181,1/3/2014,90,1,2,6
2579,1957,Graduation,71113,12/17/2013,95,6,9,4
175,1986,Graduation,71952,1/10/2013,93,8,8,4
9185,1966,PhD,69759,10/28/2013,38,4,5,3
11056,1974,Graduation,72099,10/27/2012,18,3,10,1
9365,1976,PhD,60000,12/22/2012,57,11,5,6
6201,1978,Graduation,38643,11/29/2013,45,2,3,7
2061,1955,Graduation,50737,5/11/2013,61,2,4,6
6184,1969,PhD,68462,12/12/2012,6,3,8,1
6142,1943,Master,65073,8/20/2013,65,5,5,2
4107,1948,PhD,46681,10/8/2013,52,4,4,5
7274,1957,Graduation,78618,9/28/2012,87,4,10,2
9336,1969,PhD,62187,3/22/2014,38,6,10,4
2958,1978,Graduation,28442,2/24/2014,53,2,4,4
933,1978,PhD,37717,11/23/2012,31,1,2,9
5837,1967,Graduation,51479,12/28/2012,67,6,6,7
10704,1969,Graduation,54803,8/21/2012,65,6,9,4
5125,1960,Graduation,79530,5/17/2013,64,4,11,2
4432,1976,Graduation,31615,3/16/2013,82,2,3,7
5955,1962,Graduation,72025,11/17/2012,27,4,8,3
2928,1975,PhD,52614,12/1/2012,63,2,8,8
5680,1984,2n Cycle,35684,4/22/2014,66,1,3,6
10313,1975,Graduation,48178,10/28/2012,69,5,4,8
2557,1970,Master,29548,8/29/2013,52,1,2,4
1245,1966,Graduation,63810,11/11/2012,45,4,12,8
1519,1972,PhD,38578,6/22/2013,2,3,3,8
10703,1975,Master,46098,8/18/2012,86,3,2,8
1726,1970,Graduation,22585,3/18/2013,23,1,2,9
4459,1989,Graduation,30279,12/30/2012,13,1,3,8
1729,1961,PhD,66426,10/2/2013,14,3,10,6
1517,1969,Graduation,30822,6/14/2013,92,1,3,7
2098,1969,PhD,33581,1/8/2013,38,1,2,8
9543,1985,Graduation,19986,11/14/2013,74,0,3,7
6878,1954,Graduation,27421,12/12/2012,14,4,6,7
3310,1973,2n Cycle,35688,8/22/2012,94,4,4,8
2724,1981,Master,36143,3/30/2014,33,0,2,3
948,1971,Graduation,10245,5/15/2013,32,1,2,5
6720,1968,Master,43795,10/16/2013,11,7,4,7
6202,1960,Graduation,63381,10/5/2012,78,4,13,2
2066,1949,Graduation,38823,8/30/2012,56,2,3,6
9799,1968,PhD,83664,5/8/2013,57,2,12,5
8318,1979,Graduation,90300,1/3/2014,7,5,8,1
5642,1979,Master,62499,12/9/2013,0,3,6,4
2669,1993,Graduation,74293,5/4/2014,66,5,6,2
455,1946,PhD,51012,4/18/2013,86,4,4,6
7683,1968,Master,70777,2/25/2014,80,5,12,3
3428,1991,PhD,68682,10/6/2013,56,4,10,2
7414,1971,Graduation,43824,9/15/2012,18,3,4,8
6354,1984,Graduation,15345,8/31/2012,51,1,2,8
798,1987,Graduation,23442,12/24/2012,71,1,3,7
8213,1980,2n Cycle,14515,11/9/2012,71,2,3,7
2488,1956,2n Cycle,31395,3/23/2013,80,2,3,6
9999,1965,Graduation,75276,9/27/2012,2,9,9,5
7617,1974,Graduation,42373,8/15/2013,83,2,5,5
615,1960,Graduation,30507,3/11/2013,29,5,4,7
2552,1955,PhD,55521,10/22/2013,11,6,6,7
194,1965,Graduation,48006,6/9/2014,55,1,3,6
3645,1972,PhD,27213,8/30/2012,19,2,4,8
8890,1971,PhD,65808,5/30/2014,1,5,5,6
5049,1974,PhD,30351,6/6/2013,19,3,2,9
9973,1963,Graduation,50437,10/17/2012,28,7,8,7
7301,1982,2n Cycle,23616,11/17/2012,76,3,3,8
10882,1976,Graduation,53858,11/9/2012,50,4,6,4
7030,1955,PhD,66465,3/30/2013,1,11,12,6
7422,1987,Graduation,46923,8/22/2012,90,5,7,7
3523,1962,Graduation,75072,1/23/2013,83,5,8,3
7106,1943,PhD,75865,3/31/2014,73,3,10,1
6504,1975,2n Cycle,19789,11/20/2013,24,2,3,5
5067,1994,Graduation,80134,2/14/2014,11,2,11,5
4216,1981,Graduation,91065,2/22/2013,33,7,9,3
8581,1971,Master,49505,3/5/2013,4,10,8,8
5929,1973,PhD,37401,5/6/2014,14,2,3,7
3129,1983,Graduation,30096,5/22/2014,30,2,3,6
6528,1982,Master,18492,6/5/2014,75,1,2,8
1361,1974,Master,82584,6/4/2013,26,3,8,1
6932,1941,PhD,93027,4/13/2013,77,7,5,2
7284,1953,Graduation,48686,12/4/2013,8,1,2,8
1340,1986,Graduation,92910,4/24/2014,42,6,13,1
8746,1989,Graduation,75433,4/5/2014,28,2,10,6
5987,1989,2n Cycle,10404,5/4/2014,52,1,4,5
3767,1968,Graduation,61314,4/25/2013,1,5,12,3
3725,1961,PhD,84865,5/9/2013,1,2,9,4
4324,1989,Graduation,42387,10/29/2012,42,8,7,8
238,1967,2n Cycle,67309,1/23/2013,76,9,9,7
6694,1964,Graduation,75236,11/25/2013,27,8,13,4
498,1970,Graduation,30015,2/2/2014,28,1,4,5
9347,1956,Master,50943,6/21/2013,49,1,3,5
9699,1966,Graduation,67272,12/21/2013,12,6,12,5
10664,1949,Master,51529,9/7/2013,14,9,5,8
5455,1971,PhD,32011,8/22/2013,89,2,4,7
456,1986,2n Cycle,7500,2/7/2013,96,2,3,8
5012,1989,Graduation,28691,7/4/2013,56,1,3,8
7495,1948,PhD,56223,12/20/2013,72,2,5,4
5029,1946,Graduation,18100,8/6/2013,14,0,3,5
10642,1989,Graduation,30279,12/30/2012,13,1,3,8
2106,1974,2n Cycle,20130,3/17/2014,99,1,3,8
10364,1959,Graduation,23295,7/13/2013,72,1,2,8
5954,1972,Master,42618,10/9/2013,92,5,4,8
1137,1964,Graduation,81246,12/29/2013,87,4,7,1
2541,1976,Graduation,24027,6/9/2013,7,2,3,8
1142,1953,PhD,55707,12/22/2013,91,3,9,3
2276,1955,Graduation,57959,5/2/2013,71,4,11,3
2807,1969,Graduation,56796,2/16/2013,24,8,7,7
6471,1971,Master,36230,10/17/2013,17,2,4,5
6131,1980,2n Cycle,70829,12/1/2013,87,4,8,3
6233,1976,Graduation,65991,9/7/2012,21,9,10,7
4148,1972,Graduation,38988,8/20/2012,90,5,6,8
4947,1966,2n Cycle,89572,9/15/2012,44,7,9,4
3225,1984,Master,42207,4/1/2013,71,4,5,6
7540,1952,Graduation,50300,5/25/2014,52,2,8,2
10648,1982,2n Cycle,66664,9/25/2012,78,5,6,3
1992,1964,Graduation,60597,1/1/2014,2,2,8,7
7851,1949,Graduation,70165,9/22/2013,60,3,11,1
8594,1958,PhD,50520,1/28/2014,25,3,3,6
7059,1963,Graduation,80124,6/26/2014,47,3,8,1
2815,1975,Graduation,33183,2/24/2014,46,4,3,7
2416,1969,PhD,66582,3/3/2014,83,2,9,1
7999,1955,PhD,75261,4/23/2013,17,5,5,2
9213,1970,Graduation,31880,10/31/2012,13,1,2,8
9697,1951,Graduation,53790,3/6/2014,86,7,8,6
3916,1971,PhD,49269,8/15/2012,92,7,12,7
2021,1975,Graduation,61456,3/27/2013,47,6,13,4
1581,1980,Graduation,37406,10/10/2013,18,1,2,8
564,1981,PhD,56937,8/4/2012,81,8,9,6
6619,1978,Graduation,38415,1/2/2013,91,1,3,7
9081,1988,Graduation,20518,5/18/2014,58,1,2,5
178,1956,Graduation,62503,2/18/2013,40,8,11,5
916,1972,PhD,41644,5/9/2014,67,1,3,3
5512,1977,Master,55842,5/23/2014,19,7,8,5
8970,1972,PhD,62010,10/23/2012,93,6,7,5
10581,1977,Graduation,41124,10/31/2012,41,7,4,8
5300,1973,Master,38961,12/30/2013,60,2,2,7
5154,1972,Master,37760,8/11/2013,54,2,3,6
8346,1974,Graduation,32233,8/19/2012,26,6,2,9
1676,1975,Graduation,43057,10/30/2013,30,4,5,5
9286,1960,Master,83151,10/10/2012,93,5,4,3
2426,1964,PhD,78825,9/14/2012,35,5,13,3
5172,1976,Master,65104,11/14/2013,4,3,7,7
5562,1974,Graduation,60093,6/26/2013,92,7,10,6
3436,1969,Graduation,14045,1/26/2014,24,1,3,7
3921,1952,2n Cycle,28457,10/28/2012,96,4,4,8
3403,1958,PhD,78952,9/24/2012,11,2,12,6
22,1976,Graduation,46310,12/3/2012,99,6,5,8
10965,1955,Graduation,76005,2/22/2013,72,3,13,6
9426,1964,Master,58308,1/12/2013,77,2,3,8
6605,1944,PhD,55614,11/27/2013,85,9,6,7
3136,1962,Master,59432,4/13/2013,88,5,11,5
8737,1978,Graduation,55563,4/5/2014,22,2,3,3
11088,1971,PhD,78642,4/21/2013,83,4,4,6
716,1949,PhD,67911,5/22/2014,63,6,11,3
466,1944,Graduation,65275,4/3/2013,9,4,13,2
9135,1950,Graduation,27203,8/6/2012,92,1,2,8
10623,1961,Master,48330,11/15/2013,2,1,3,5
8151,1990,Basic,24279,12/29/2012,6,4,3,8
5140,1985,PhD,64355,8/24/2012,66,4,12,8
10160,1956,Master,50943,6/21/2013,49,1,3,5
4945,1953,Graduation,53653,11/7/2012,29,10,12,6
10584,1976,Graduation,65665,12/2/2013,77,5,8,3
6071,1989,Graduation,81217,7/19/2013,77,3,11,1
3386,1992,Graduation,34935,6/21/2013,71,2,4,7
8939,1959,Graduation,61250,12/16/2012,49,5,12,5
9925,1981,PhD,39665,5/25/2013,97,4,3,7
4320,1979,Graduation,60152,3/28/2013,6,6,12,3
5389,1964,Graduation,48920,10/20/2013,93,6,5,7
6036,1959,Master,89120,3/17/2014,78,5,7,1
182,1946,PhD,44124,5/11/2013,62,6,5,8
203,1975,Master,81169,4/14/2013,47,5,9,2
11025,1961,Graduation,36443,2/3/2013,9,3,3,8
10203,1990,Graduation,26095,6/30/2013,77,1,3,7
4607,1959,Graduation,71367,8/23/2013,24,4,7,2
3711,1944,Master,80184,3/1/2014,19,6,10,3
3696,1965,Graduation,30630,1/27/2014,67,2,3,7
2532,1987,Master,73454,3/1/2014,95,2,6,5
9214,1991,Graduation,42691,8/16/2013,48,5,6,5
4943,1953,Graduation,70503,9/30/2012,73,2,9,6
35,1987,Graduation,25545,9/8/2012,35,2,3,6
2258,1986,Graduation,32880,12/4/2012,76,1,3,8
4322,1958,PhD,77863,11/27/2013,20,4,10,2
713,1977,Master,50353,6/8/2014,72,4,6,3
4702,1964,Graduation,61839,8/12/2012,20,4,4,8
3281,1960,PhD,49154,11/3/2013,69,4,8,6
702,1975,2n Cycle,47682,2/15/2013,80,4,8,5
2004,1969,Graduation,72679,9/18/2013,65,4,5,1
4769,1977,Master,57954,6/18/2014,52,8,6,7
4437,1962,Graduation,65316,4/24/2013,65,3,5,4
8724,1982,Graduation,28567,6/17/2013,57,2,3,6
10741,1951,Master,47352,4/11/2013,70,6,5,7
1991,1967,Graduation,44931,1/18/2014,0,2,3,5
6931,1967,Graduation,76982,2/15/2014,19,8,4,4
11096,1952,2n Cycle,57247,8/8/2013,50,2,7,2
304,1981,Master,22944,12/23/2013,67,3,3,7
3665,1977,2n Cycle,25315,11/7/2013,46,3,3,8
10591,1969,Graduation,43638,8/6/2012,37,4,4,7
5036,1984,PhD,42710,11/28/2012,38,4,3,6
5547,1982,PhD,84169,8/7/2013,9,7,6,3
7822,1976,Graduation,54058,6/4/2013,56,4,8,3
8541,1990,2n Cycle,24683,3/8/2014,98,2,4,5
10955,1964,Graduation,85620,1/7/2014,68,3,4,1
4368,1980,Graduation,47850,12/3/2013,72,3,4,6
9671,1968,Graduation,19514,1/26/2014,47,3,2,8
2256,1973,Master,27159,3/29/2014,33,1,3,6
4279,1963,2n Cycle,39548,3/31/2014,87,1,3,3
5371,1989,Graduation,21474,4/8/2014,0,3,2,7
9240,1971,PhD,60504,2/7/2014,73,6,8,6
9460,1963,Graduation,22419,4/18/2013,74,3,2,8
9504,1949,Master,81698,11/6/2013,4,3,13,1
8692,1952,Graduation,43462,9/12/2012,50,4,5,8
448,1978,PhD,54880,3/1/2013,57,6,11,5
8314,1982,Graduation,79908,4/5/2013,30,5,7,2
8420,1970,2n Cycle,15315,8/3/2013,27,2,4,5
3174,1959,Graduation,87771,5/22/2013,61,5,4,6
7685,1978,Graduation,33039,9/9/2013,4,2,4,5
3179,1980,Graduation,81741,6/16/2013,75,6,7,2
9780,1971,Master,71499,6/25/2013,12,8,13,4
10681,1970,2n Cycle,62466,1/15/2014,13,6,12,4
10232,1963,PhD,48799,11/5/2013,9,3,7,3
4184,1950,PhD,52157,6/7/2014,48,3,5,4
9120,1962,Graduation,66565,12/5/2012,80,4,9,8
891,1951,Master,29298,9/7/2013,60,1,2,5
10381,1979,Graduation,47691,7/5/2013,43,1,2,6
3525,1970,Graduation,38200,12/7/2012,19,1,2,7
6818,1974,Graduation,44989,9/12/2012,26,5,5,6
3526,1968,PhD,38443,1/27/2014,58,1,3,7
8181,1978,2n Cycle,38593,9/13/2013,42,4,3,8
1029,1970,PhD,64413,8/1/2013,27,5,5,5
7369,1981,Master,36959,10/2/2013,56,2,3,8
2574,1977,PhD,61996,1/31/2013,27,6,8,5
8159,1968,Graduation,51287,4/1/2014,10,4,3,7
1160,1970,Graduation,13260,8/23/2013,48,3,3,8
10242,1966,PhD,47472,9/16/2013,39,2,4,5
5253,1956,Master,54603,7/9/2013,85,4,4,7
5966,1974,PhD,45207,11/10/2012,64,3,6,6
5314,1951,Graduation,40689,3/18/2013,69,7,5,8
5081,1967,2n Cycle,47821,10/20/2013,54,1,3,8
5123,1951,Master,27450,4/15/2013,57,2,3,7
5756,1983,Graduation,39453,4/3/2014,64,2,3,6
8036,1971,2n Cycle,26850,4/18/2014,10,2,4,4
9058,1955,Graduation,79800,9/23/2012,65,5,5,3
5057,1961,Master,61794,9/14/2013,74,4,10,2
254,1955,Graduation,53863,5/17/2014,4,7,7,7
4179,1959,Graduation,24221,8/20/2013,94,1,3,4
3710,1984,PhD,39684,10/12/2012,41,2,2,7
7627,1975,Master,92163,12/12/2012,25,5,5,2
4501,1965,Master,69882,11/10/2013,94,3,9,1
6424,1977,Graduation,33178,1/30/2014,9,1,3,4
3075,1972,PhD,59973,9/11/2013,47,3,7,1
4992,1975,Master,17459,9/19/2013,12,3,2,7
5252,1969,Graduation,23910,10/26/2012,80,2,3,7
7444,1969,Master,42169,10/19/2013,20,1,3,8
6919,1978,2n Cycle,26224,6/4/2013,39,2,3,6
3537,1981,Graduation,31089,8/17/2012,57,3,4,8
10277,1961,Graduation,30081,2/21/2013,27,1,3,7
2453,1960,Graduation,62807,8/31/2012,83,5,12,5
7972,1955,Graduation,72906,9/17/2013,79,3,9,1
895,1948,PhD,61467,12/9/2012,69,5,10,5
1177,1966,Master,49618,1/26/2013,77,3,3,7
7141,1986,Master,21888,12/29/2012,15,5,2,10
7232,1973,Graduation,42429,2/11/2014,99,1,3,5
8477,1956,Graduation,26150,3/11/2013,61,1,3,7
2457,1975,Basic,30801,10/26/2012,23,1,3,7
988,1965,Graduation,81168,5/7/2014,84,6,7,3
7930,1969,Master,26877,8/19/2013,74,3,6,6
4587,1944,Master,45006,7/18/2013,90,3,7,3
6682,1973,Basic,18978,12/11/2012,41,1,3,8
6222,1967,Graduation,22574,10/28/2013,28,2,3,7
10299,1969,PhD,48240,11/9/2012,73,6,13,5
3083,1974,Graduation,45837,7/26/2013,88,6,5,7
8953,1965,Master,35791,5/6/2013,94,1,3,8
1503,1976,PhD,162397,6/3/2013,31,0,1,1
8650,1978,Graduation,54162,3/18/2013,31,1,3,4
10862,1960,Master,30522,8/17/2012,6,1,9,2
2782,1961,PhD,54456,7/11/2013,23,6,7,6
6941,1971,Graduation,31632,7/14/2013,92,2,2,7
10972,1949,Graduation,72298,3/10/2014,52,4,6,1
10708,1978,2n Cycle,36975,12/28/2013,50,1,3,7
6583,1955,2n Cycle,72635,6/3/2013,54,6,6,3
3641,1976,Graduation,13624,1/20/2013,93,2,3,6
10156,1975,Graduation,84196,6/3/2013,56,8,7,3
4299,1960,Graduation,70971,9/21/2012,28,11,5,7
3469,1977,PhD,34487,9/6/2012,94,3,3,9
5063,1977,Graduation,28769,12/18/2012,76,4,4,9
10727,1970,PhD,69084,11/19/2013,43,7,13,8
9624,1958,PhD,65488,6/13/2014,46,3,6,1
5156,1970,2n Cycle,62466,1/15/2014,13,6,12,4
4376,1960,2n Cycle,32218,2/15/2014,27,2,3,7
8923,1973,Graduation,83917,4/18/2013,12,6,7,3
8461,1962,Graduation,46102,3/10/2014,3,1,2,7
6945,1952,Graduation,84574,6/4/2013,72,9,11,5
944,1962,Graduation,56181,1/8/2013,6,4,7,4
1907,1950,Master,63120,9/28/2012,53,8,9,7
701,1971,Graduation,73691,11/6/2013,58,6,8,2
3856,1960,Graduation,63381,10/5/2012,78,4,13,2
4149,1948,PhD,76140,5/13/2014,57,5,6,2
2131,1959,PhD,62859,12/30/2012,37,9,6,6
2942,1964,Graduation,45906,5/7/2013,20,5,4,5
1173,1947,Master,77632,3/10/2013,73,4,6,2
4381,1971,PhD,46463,8/18/2013,56,3,6,6
4611,1970,Graduation,105471,1/21/2013,36,9,13,3
3376,1970,Master,55282,12/13/2013,9,3,6,4
4679,1977,Master,78710,5/23/2014,42,7,12,4
10928,1958,Graduation,66886,9/16/2013,28,7,7,5
4248,1960,Master,98777,2/17/2014,23,4,9,1
6728,1985,Graduation,29103,8/27/2012,38,1,3,9
6661,1974,Graduation,67445,8/12/2012,63,9,12,6
4725,1950,PhD,50616,4/13/2014,71,1,4,2
3277,1955,Graduation,49431,8/3/2012,9,7,5,8
5555,1975,Graduation,153924,2/7/2014,81,0,0,0
2564,1953,Graduation,61278,1/4/2014,87,3,4,6
946,1958,2n Cycle,26490,9/22/2012,92,3,5,6
3867,1947,PhD,73059,8/31/2013,36,9,13,4
6940,1966,PhD,46734,10/21/2013,86,3,3,6
55,1963,Graduation,56253,12/7/2012,83,7,9,6
7093,1985,Graduation,19986,11/14/2013,74,0,3,7
5084,1975,Graduation,58330,12/25/2013,87,6,13,4
1777,1980,Basic,25965,9/7/2012,29,2,3,8
8162,1956,Master,14661,1/1/2013,88,1,3,6
10826,1959,Graduation,18690,12/28/2012,77,1,2,8
8754,1974,PhD,45068,5/16/2013,25,1,2,7
1987,1987,Basic,21063,9/25/2013,34,2,3,6
11007,1968,PhD,29187,5/9/2013,43,1,3,8
7426,1971,2n Cycle,54690,11/7/2013,76,3,5,3
9153,1964,PhD,59304,7/29/2013,81,7,10,5
10379,1962,Master,59247,11/8/2013,87,5,9,6
9204,1970,Graduation,66731,9/12/2012,33,4,6,3
3197,1980,Graduation,77353,12/16/2013,38,6,8,4
2920,1975,PhD,52614,12/1/2012,63,2,8,8
6961,1974,Graduation,26751,5/22/2014,26,1,2,8
4673,1963,PhD,81300,10/30/2012,17,10,5,5
9937,1979,Graduation,70337,1/2/2014,75,2,12,1
8779,1985,2n Cycle,36145,6/16/2013,13,4,3,9
9596,1980,PhD,65295,12/23/2013,19,3,13,2
2891,1963,Graduation,68118,10/18/2013,51,8,4,6
4910,1967,Graduation,68743,8/30/2012,81,11,13,7
75,1982,2n Cycle,41039,7/25/2013,32,8,5,8
10120,1955,Graduation,38946,10/24/2013,84,3,6,5
6327,1967,Graduation,65777,12/19/2013,87,2,6,1
10142,1976,PhD,66476,3/7/2013,99,5,11,4
9826,1972,PhD,86857,9/12/2012,96,5,10,2
1501,1982,PhD,160803,8/4/2012,21,0,1,0
10767,1989,PhD,77845,5/16/2014,40,3,12,1
7279,1969,PhD,69476,9/30/2013,3,4,4,2
7230,1960,PhD,50611,10/4/2012,98,4,7,6
143,1970,Graduation,61209,8/25/2013,73,5,4,2
450,1958,Master,42315,7/12/2013,90,1,4,3
9316,1952,Basic,13084,11/2/2013,29,1,3,6
6379,1949,Master,47570,5/29/2013,3,2,2,7
9239,1961,Master,61923,7/26/2013,94,2,4,3
8315,1995,Graduation,34824,3/26/2014,65,1,2,6
2868,1949,PhD,26518,4/8/2013,33,2,3,8
10888,1961,Graduation,45938,11/3/2013,46,8,6,6
1277,1960,Graduation,78468,4/9/2014,29,10,10,4
9977,1973,Graduation,78901,9/17/2013,99,9,5,4
10196,1978,Graduation,71427,3/12/2014,26,8,8,4
6384,1978,Graduation,71022,2/11/2014,30,5,11,8
8029,1988,Master,90247,4/29/2014,27,3,7,1
968,1968,Master,41335,12/26/2013,24,4,4,7
6988,1986,Graduation,71952,1/10/2013,93,8,8,4
4472,1970,PhD,35682,6/27/2014,34,1,3,2
6991,1951,Graduation,43185,4/10/2013,88,9,6,8
3336,1948,PhD,66375,11/21/2013,96,2,5,7
4301,1971,Master,35178,1/10/2013,10,1,2,7
1940,1986,Graduation,25252,7/12/2013,26,1,2,8
1272,1965,Master,55250,10/21/2012,49,7,10,5
1388,1975,Graduation,33249,2/20/2013,11,2,3,6
1044,1953,Graduation,58398,5/14/2013,44,5,8,4
6969,1982,Graduation,50272,8/7/2013,75,4,5,7
10479,1975,PhD,76618,12/7/2012,64,3,5,1
3619,1960,2n Cycle,87305,9/23/2012,19,5,8,2
1715,1978,Graduation,25851,2/11/2013,45,2,3,7
10159,1970,Graduation,58710,3/31/2013,77,11,9,6
1463,1958,Graduation,45160,3/29/2014,9,1,2,7
5114,1965,Master,74806,12/19/2012,1,5,5,4
4990,1954,Graduation,59111,5/2/2013,90,11,8,7
4329,1984,PhD,18988,5/23/2014,43,1,3,7
10936,1965,Graduation,72190,2/13/2013,79,5,4,3
4692,1976,Graduation,7500,8/1/2012,19,4,2,9
7212,1966,Graduation,44794,6/8/2014,99,2,3,6
6086,1955,Graduation,80395,11/23/2013,62,6,12,2
437,1976,Master,75012,1/25/2014,41,3,11,1
11171,1965,Master,56962,10/11/2013,60,6,5,7
11101,1991,Graduation,89891,4/15/2013,17,11,8,4
5329,1949,PhD,35946,9/27/2013,24,0,3,5
610,1953,PhD,53593,8/7/2012,60,7,6,8
9384,1978,Graduation,66373,6/12/2013,57,4,10,3
5956,1948,PhD,45072,10/16/2013,74,6,4,8
10430,1973,Graduation,89694,10/9/2013,22,4,4,5
7875,1949,Graduation,72025,4/29/2014,46,4,13,2
7072,1973,Graduation,67432,3/29/2013,69,8,4,4
6255,1952,Master,70545,6/3/2014,29,4,7,2
6516,1989,Basic,17487,3/18/2013,37,1,2,7
5564,1969,Graduation,62882,8/9/2012,26,7,6,4
5682,1953,PhD,64108,3/23/2013,8,6,11,5
7458,1956,Master,34941,3/6/2013,26,3,3,8
5237,1950,PhD,48767,1/1/2014,79,2,3,5
7761,1978,2n Cycle,38702,8/1/2013,71,3,4,6
5278,1964,Graduation,82224,1/25/2014,83,6,5,3
3560,1952,Graduation,83844,5/12/2013,57,4,11,1
7235,1975,2n Cycle,17003,12/9/2013,37,2,4,5
10548,1995,Graduation,71163,3/9/2014,30,3,12,1
2281,1970,Graduation,33697,9/15/2013,34,1,2,7
4073,1954,2n Cycle,63564,1/29/2014,0,10,7,6
6974,1972,PhD,83443,12/31/2013,89,6,5,2
7938,1958,PhD,51518,10/3/2013,92,3,10,3
7094,1975,Graduation,58330,12/25/2013,87,6,13,4
3667,1969,Graduation,80952,2/28/2013,20,8,11,8
7723,1979,Graduation,75507,5/2/2014,56,8,6,3
3870,1978,2n Cycle,63855,2/9/2013,28,7,13,4
4012,1972,PhD,62220,8/11/2012,55,7,5,6
5909,1964,Graduation,58512,9/19/2013,25,3,8,8
10470,1979,Master,40662,3/15/2013,0,2,3,4
6488,1959,PhD,38829,4/6/2014,86,3,2,5
10270,1981,2n Cycle,35523,10/3/2013,8,3,3,7
6887,1967,Graduation,79146,4/24/2014,33,8,8,6
6406,1988,Master,78285,10/28/2013,13,6,10,3
7573,1978,PhD,31626,5/10/2013,12,2,2,7
4508,1952,Graduation,75127,5/22/2014,92,2,5,1
221,1955,Graduation,48726,4/27/2013,90,3,4,6
5331,1977,Graduation,74985,9/11/2012,8,3,7,2
1911,1987,Graduation,67430,9/5/2012,6,11,12,6
20,1965,2n Cycle,46891,9/1/2013,91,2,4,4
8786,1956,Master,62058,5/26/2013,52,6,7,6
10582,1979,Graduation,72063,7/3/2013,3,5,12,2
1915,1951,PhD,78939,12/12/2013,57,8,6,3
8897,1965,Graduation,42720,4/24/2013,9,7,7,8
2371,1972,Graduation,33622,4/13/2013,22,2,4,7
4303,1957,PhD,6835,12/8/2012,76,0,1,20
6825,1953,Graduation,41452,3/6/2013,86,1,2,7
1072,1965,PhD,40760,8/30/2013,64,2,3,6
4964,1958,PhD,74250,1/26/2014,90,2,4,1
2461,1955,Master,51124,12/18/2013,79,1,3,3
10736,1971,Graduation,72258,9/12/2013,28,6,5,2
3194,1974,PhD,71466,4/5/2014,86,4,10,1
10839,1976,Graduation,36283,4/14/2014,42,1,3,4
49,1970,Graduation,20587,5/11/2014,39,1,2,7
4290,1972,Graduation,30467,3/19/2014,8,1,2,7
10219,1972,Graduation,31590,6/18/2013,40,1,3,8
4211,1986,Basic,20425,10/29/2012,5,2,3,7
1135,1960,Master,17144,2/15/2014,96,3,4,7
6299,1968,PhD,42564,1/2/2013,28,6,4,7
10846,1978,Master,43783,5/29/2014,22,7,8,7
347,1976,Graduation,40780,9/8/2012,30,7,5,9
6543,1945,Master,62847,1/15/2013,45,3,4,2
10446,1957,PhD,82017,11/7/2012,58,5,7,2
3479,1950,Graduation,16813,7/19/2013,49,2,3,7
11075,1978,Graduation,51267,10/29/2013,37,3,5,4
4442,1961,Graduation,46524,4/5/2013,70,1,5,3
199,1962,Master,45183,1/20/2013,33,4,7,7
6722,1954,PhD,70421,6/28/2014,98,10,7,6
796,1965,2n Cycle,60161,10/23/2012,17,11,8,8
3749,1973,Graduation,73926,3/2/2013,54,6,12,3
8523,1968,Graduation,19329,12/14/2013,39,4,3,8
310,1970,Master,61872,12/13/2013,81,4,9,4
8629,1956,Graduation,46984,3/26/2013,71,1,3,5
236,1951,Graduation,34838,1/19/2013,62,2,4,6
9930,1944,PhD,82716,11/5/2013,8,6,13,2
3483,1958,Graduation,48192,4/6/2013,76,2,12,8
4599,1976,Master,49681,11/4/2013,66,7,7,7
7326,1971,Master,56850,3/23/2014,83,1,3,2
7352,1957,Graduation,55267,10/21/2013,28,3,6,3
2350,1972,Graduation,59666,3/22/2013,87,3,8,8
9145,1972,Graduation,72504,4/6/2013,43,5,6,2
2964,1981,Graduation,26872,10/16/2013,0,1,2,6
5585,1972,Graduation,21359,4/20/2013,1,2,3,8
9687,1975,Graduation,73170,5/31/2014,1,5,6,2
3732,1955,Master,52750,2/4/2013,72,5,9,4
6303,1986,PhD,91820,11/23/2013,72,5,12,1
11176,1970,PhD,65968,5/12/2014,12,5,7,3
2986,1976,Graduation,30772,3/12/2014,89,1,2,6
7462,1954,Graduation,22507,11/24/2012,67,10,4,9
3900,1972,Graduation,65685,3/29/2014,54,9,9,5
7034,1978,2n Cycle,25804,9/1/2013,34,2,3,8
9493,1980,PhD,76412,5/5/2013,15,5,8,3
1143,1972,Graduation,22063,8/8/2013,43,2,3,7
1,1961,Graduation,57091,6/15/2014,0,7,7,5
3855,1963,Graduation,22419,4/18/2013,74,3,2,8
5536,1959,Graduation,87771,5/22/2013,61,5,4,6
5989,1959,2n Cycle,78353,4/16/2013,51,10,11,8
9499,1954,Graduation,93404,5/7/2013,97,3,7,5
6768,1962,Graduation,37859,1/12/2013,75,1,3,8
2150,1958,PhD,80995,5/11/2013,83,8,4,4
6646,1984,Graduation,16529,3/1/2014,23,1,3,6
4887,1976,PhD,55412,11/22/2013,65,2,3,5
8560,1992,Graduation,48789,9/10/2012,94,6,7,6
3321,1967,PhD,56575,5/5/2013,42,7,7,5
11003,1980,2n Cycle,25130,10/2/2013,10,2,3,7
10402,1967,Graduation,35441,2/14/2013,94,1,3,8
9904,1956,Graduation,71391,3/29/2013,50,6,12,3
6141,1972,Master,49494,4/25/2013,46,6,5,7
5687,1980,Graduation,81702,9/23/2012,98,7,12,3
10856,1980,2n Cycle,45889,7/2/2013,42,1,3,6
5121,1977,Graduation,56628,3/21/2014,30,7,5,5
4186,1950,Graduation,34026,8/5/2013,11,2,3,5
368,1974,Graduation,40049,11/29/2012,61,3,6,5
3312,1988,Graduation,34176,5/12/2014,12,3,4,6
11121,1981,Graduation,19419,11/10/2012,76,4,3,9
5332,1960,2n Cycle,82504,7/27/2013,2,3,7,1
5848,1970,Graduation,81205,1/13/2014,43,5,7,2
10343,1991,2n Cycle,61618,9/29/2012,27,3,8,3
5935,1956,Master,55284,12/24/2012,60,7,8,5
2895,1963,Graduation,49980,10/23/2013,79,3,5,5
10262,1980,Graduation,15072,5/10/2013,96,3,3,5
7848,1974,Graduation,49166,6/13/2013,17,5,3,6
9477,1954,PhD,65324,1/11/2014,0,6,9,4
4856,1957,2n Cycle,82347,11/6/2012,38,7,10,3
7186,1966,PhD,30843,5/26/2014,43,1,2,5
5794,1974,PhD,46374,3/17/2014,1,7,7,8
1456,1979,Graduation,60474,4/1/2013,25,10,12,7
4877,1973,Master,38576,3/4/2014,2,1,3,7
425,1985,Graduation,55357,2/19/2013,66,6,11,5
3007,1966,Graduation,37758,10/4/2012,49,1,3,8
1031,1989,2n Cycle,85710,5/5/2013,5,6,10,2
4297,1969,Graduation,23228,1/26/2014,71,2,3,8
807,1969,Master,44602,2/15/2014,35,6,4,8
9553,1987,Graduation,7500,1/9/2013,94,0,3,6
4271,1989,2n Cycle,38683,10/4/2012,80,4,6,7
4120,1975,2n Cycle,49514,12/17/2013,61,6,4,7
2036,1973,PhD,57906,6/11/2013,29,4,8,4
115,1966,Master,43456,3/26/2013,0,5,8,5
4259,1986,Master,19485,9/24/2013,80,1,2,7
8687,1978,Graduation,53172,5/6/2013,54,2,8,3
2447,1979,Graduation,30545,10/17/2012,71,2,3,7
10140,1983,PhD,70123,9/28/2013,27,5,4,3
9353,1959,Graduation,62450,1/6/2014,61,5,4,3
3623,1976,Graduation,21675,6/11/2014,55,4,3,7
738,1981,2n Cycle,42395,4/4/2014,35,3,4,7
7631,1978,Master,61346,10/6/2013,34,5,10,3
4789,1953,Graduation,80812,9/17/2013,95,4,5,2
773,1971,Master,42835,6/30/2013,64,6,4,6
10602,1983,Graduation,39922,2/14/2013,30,3,4,8
1446,1956,Master,86424,4/5/2014,12,6,12,1
3270,1978,2n Cycle,17117,1/17/2013,96,3,3,9
8443,1972,Graduation,24762,2/10/2014,16,3,2,8
9653,1975,Graduation,35797,10/16/2012,16,2,3,8
8916,1975,Graduation,36627,7/23/2013,78,0,3,5
8017,1981,2n Cycle,51111,6/19/2014,83,2,3,6
5830,1972,PhD,86857,9/12/2012,96,5,10,2
4597,1970,PhD,82072,7/2/2013,67,3,13,1
7023,1953,PhD,46231,11/26/2012,87,6,4,9
8086,1959,Graduation,42243,12/11/2013,34,2,3,7
8825,1962,Graduation,51195,4/1/2013,46,9,5,8
2930,1978,Master,68092,12/16/2013,7,2,10,5
1928,1973,Graduation,31814,2/9/2013,73,2,3,9
7108,1965,Master,51390,9/8/2012,54,5,5,5
10925,1983,Graduation,76630,1/14/2014,93,3,11,1
9960,1991,Basic,26868,4/30/2014,52,1,2,7
8800,1943,PhD,48948,2/1/2013,53,7,5,6
9224,1972,PhD,55260,12/12/2012,81,8,5,6
5519,1956,Graduation,64090,8/7/2013,8,6,4,5
5046,1958,Graduation,78331,1/23/2014,97,10,7,4
7037,1974,PhD,37087,8/11/2013,50,4,8,6
905,1986,Graduation,21846,10/22/2013,38,4,3,8
8624,1958,Graduation,81320,2/6/2013,61,4,10,2
8945,1970,Graduation,54137,8/16/2013,46,4,4,6
6445,1967,Graduation,66825,7/14/2013,73,4,6,2
2727,1973,Graduation,57100,12/4/2013,19,3,6,3
6404,1969,Graduation,58917,3/24/2013,10,4,6,5
11074,1977,Graduation,85072,4/9/2014,94,3,10,0
10150,1961,Graduation,86429,11/21/2013,10,7,7,2
1968,1971,Graduation,45684,12/2/2013,37,1,2,7
6534,1974,Graduation,47889,1/4/2014,94,2,3,5
9485,1986,PhD,45921,3/10/2014,23,2,6,4
7053,1966,PhD,78420,6/29/2013,75,3,8,1
4654,1992,Graduation,75114,11/7/2013,40,3,5,2
9760,1963,PhD,52278,1/25/2013,24,10,10,8
1048,1972,Master,35641,7/14/2013,11,3,4,7
10619,1994,Graduation,95529,12/3/2012,29,7,7,3
9308,1954,Graduation,62820,5/11/2013,51,3,6,1
10505,1960,Master,73113,12/26/2013,86,3,7,2
8362,1982,PhD,84169,8/7/2013,9,7,6,3
2625,1954,2n Cycle,42607,11/17/2013,30,3,7,3
4637,1954,PhD,74637,5/18/2013,73,6,9,3
9972,1955,PhD,46015,4/13/2014,25,1,3,7
4483,1993,Graduation,72354,4/17/2013,67,2,6,1
4487,1969,Master,39858,1/24/2013,67,2,4,6
4988,1948,PhD,34469,5/4/2014,58,1,4,4
8931,1986,Graduation,83033,5/18/2014,82,11,10,5
5871,1979,Master,24401,8/31/2012,98,6,6,8
2008,1978,Graduation,77583,2/10/2014,93,4,9,2
3139,1982,2n Cycle,74116,12/30/2013,53,4,10,2
10037,1993,Graduation,74293,5/4/2014,66,5,6,2
10673,1976,PhD,68397,11/17/2013,6,6,5,3
5303,1974,PhD,79632,4/8/2014,42,6,9,2
538,1989,Graduation,46107,2/10/2014,78,1,4,3
7922,1951,PhD,64950,8/12/2012,29,11,10,7
5692,1989,Basic,25443,12/22/2012,82,1,3,8
4843,1952,Graduation,75127,5/22/2014,92,2,5,1
6383,1971,PhD,32892,5/25/2014,78,3,3,8
1628,1971,Graduation,71796,10/24/2013,54,9,4,4
1204,1970,PhD,67536,5/22/2013,45,11,11,8
3673,1971,Graduation,55239,7/14/2013,59,7,11,5
760,1975,PhD,60554,8/9/2013,8,8,9,6
8957,1952,2n Cycle,64831,6/10/2013,51,6,5,6
4128,1962,PhD,56067,7/20/2013,51,7,7,5
6810,1983,Graduation,82025,5/28/2013,76,3,6,1
5386,1953,Graduation,94384,3/4/2013,62,5,5,2
8700,1986,Basic,14906,12/22/2012,86,2,3,7
3202,1987,PhD,51563,10/1/2012,60,4,10,8
1328,1982,2n Cycle,57937,2/16/2014,56,4,9,3
8405,1979,Graduation,68274,9/30/2013,83,4,5,3
6515,1977,Graduation,39771,12/6/2013,92,2,3,4
2882,1975,2n Cycle,67893,10/1/2012,31,3,9,8
7574,1979,PhD,27922,5/10/2014,80,2,3,4
6387,1976,PhD,52190,5/8/2014,39,2,3,5
5320,1973,Master,44051,1/29/2013,20,3,4,6
5048,1971,PhD,42767,5/11/2013,53,3,2,8
8146,1976,Master,46106,5/11/2014,84,1,2,6
10031,1976,PhD,16927,2/10/2013,50,3,4,8
5748,1965,Graduation,59754,12/1/2012,96,5,6,5
2134,1952,Graduation,53700,8/17/2012,94,5,8,5
1523,1973,Graduation,59041,5/7/2014,25,2,4,5
9665,1957,PhD,54237,4/27/2013,48,5,5,6
4640,1967,Graduation,70647,9/21/2012,65,4,13,2
3635,1962,PhD,52597,5/7/2014,69,6,8,5
3547,1969,Master,41021,12/30/2012,12,2,3,6
2456,1975,PhD,40233,10/14/2013,84,2,5,6
5633,1980,Graduation,50183,6/25/2014,47,3,6,5
7801,1959,Graduation,54753,9/12/2013,87,5,11,4
10489,1973,Graduation,92955,8/19/2013,35,6,9,2
7011,1973,Graduation,33471,10/12/2012,47,3,4,7
2620,1974,PhD,34596,4/13/2013,48,1,2,8
3933,1980,Graduation,44010,10/13/2012,46,10,6,9
10981,1988,Graduation,84219,2/2/2014,27,3,10,1
1734,1968,PhD,40706,1/17/2013,37,3,4,7
10995,1988,2n Cycle,15716,11/12/2012,8,3,4,8
6357,1959,2n Cycle,59052,11/17/2013,29,7,7,5
9209,1971,Master,80573,10/14/2012,85,4,13,2
10286,1962,Graduation,83715,2/3/2014,2,2,13,0
2611,1959,Master,82576,8/1/2012,66,2,12,1
1600,1965,Master,56962,10/11/2013,60,6,5,7
3308,1952,Graduation,35704,1/3/2014,54,2,4,4
5407,1954,Graduation,53103,9/12/2013,70,10,7,7
2166,1960,2n Cycle,46779,7/12/2013,55,0,2,4
3955,1965,Graduation,4861,6/22/2014,20,0,0,14
6634,1979,Master,33462,8/7/2013,78,2,3,7
3056,1978,Graduation,63693,10/14/2013,63,11,9,6
5718,1950,Graduation,80763,8/15/2013,17,5,6,3
6872,1974,PhD,65352,8/21/2013,43,4,8,4
8164,1978,PhD,82170,11/25/2013,13,5,7,2
4580,1969,Graduation,75759,10/25/2013,46,9,9,5
9305,1976,2n Cycle,79689,5/12/2013,65,4,13,2
453,1956,PhD,35340,6/29/2014,1,2,3,5
8545,1954,Graduation,85683,3/21/2014,6,2,10,1
9850,1972,2n Cycle,24884,11/29/2012,32,0,3,7
7378,1981,Master,42021,8/31/2012,34,10,6,9
7646,1989,Graduation,64449,2/18/2014,70,5,12,4
1640,1954,Graduation,64587,6/22/2014,49,1,4,3
5184,1995,Graduation,34824,3/26/2014,65,1,2,6
8492,1978,Graduation,75437,11/9/2013,25,8,10,6
11188,1957,Graduation,26091,2/25/2014,84,2,3,5
1212,1973,Graduation,52845,8/13/2013,7,8,6,6
9097,1956,Graduation,46086,11/3/2013,34,3,8,4
10473,1956,PhD,78028,9/10/2012,38,6,9,7
7962,1987,PhD,95169,10/9/2013,1,4,4,1
9984,1981,2n Cycle,56337,3/27/2013,25,8,4,8
5527,1987,Graduation,22434,2/13/2013,25,2,3,8
6374,1954,PhD,36930,5/17/2013,50,5,4,8
7453,1954,Graduation,36130,2/2/2013,46,3,4,4
8952,1953,Master,65569,11/5/2012,96,6,10,3
241,1952,Graduation,83844,5/12/2013,57,4,11,1
8975,1968,Graduation,19514,1/26/2014,47,3,2,8
6119,1963,PhD,36736,5/10/2013,52,1,2,6
5236,1979,Graduation,77568,8/25/2012,30,10,8,5
5723,1976,PhD,49187,1/11/2014,63,1,5,2
1710,1978,Graduation,30168,3/7/2013,51,6,4,9
1970,1968,Master,34053,9/10/2012,14,3,3,8
5313,1971,Master,38196,4/18/2014,20,2,4,5
10634,1951,Master,59412,4/19/2014,56,4,8,3
7010,1965,2n Cycle,70924,4/7/2014,41,6,7,3
8562,1969,Graduation,54165,5/28/2013,72,2,7,2
3158,1973,Graduation,32300,1/3/2013,1,1,3,8
4436,1976,Graduation,20180,2/20/2013,27,2,4,7
5287,1973,Graduation,34961,6/19/2014,77,3,3,7
2445,1974,PhD,28440,7/7/2013,87,2,3,8
6059,1953,PhD,64504,3/4/2013,81,11,4,7
4550,1966,Master,33564,6/24/2014,51,1,3,5
4240,1978,Graduation,17345,11/3/2012,79,2,2,8
8911,1967,PhD,56320,4/8/2013,11,5,9,4
3706,1978,Graduation,28647,8/21/2013,54,2,2,7
3628,1987,Basic,15038,1/29/2013,93,2,2,9
10175,1958,PhD,32173,8/1/2013,0,1,3,4
8985,1964,2n Cycle,68316,11/4/2012,54,10,10,6
5204,1971,Graduation,74538,6/29/2013,21,8,5,3
9220,1971,Graduation,91700,1/17/2013,58,8,5,3
9888,1969,Graduation,68695,6/25/2014,3,4,7,2
5263,1977,2n Cycle,31056,1/22/2013,99,1,3,8
1020,1973,Graduation,79593,5/12/2014,70,5,7,2
9503,1980,Graduation,28071,8/29/2012,65,5,5,8
10613,1958,PhD,37334,2/26/2014,44,3,4,4
67,1972,Master,46423,9/18/2013,6,2,4,7
6019,1971,PhD,37126,3/30/2014,9,1,2,6
5863,1953,Graduation,47703,5/29/2013,95,6,8,5
3717,1959,Graduation,61180,4/23/2014,70,5,6,3
6730,1954,Graduation,38998,11/3/2012,92,2,3,8
10749,1991,Graduation,8028,9/18/2012,62,0,0,19
4998,1962,Graduation,76081,5/23/2014,85,4,4,2
6287,1986,Graduation,34728,7/30/2013,2,1,2,6
5985,1965,Master,33168,10/13/2012,0,2,4,7
4754,1966,Master,33585,9/25/2013,91,2,4,4
4002,1960,PhD,77037,10/13/2013,3,7,12,3
8870,1984,Graduation,35196,11/13/2012,68,6,5,8
966,1966,Graduation,44529,7/5/2013,98,6,11,5
4767,1965,2n Cycle,70924,4/7/2014,41,6,7,3
9725,1966,PhD,28764,6/5/2014,16,1,2,8
4475,1949,PhD,69098,2/16/2013,82,7,9,5
5740,1970,2n Cycle,25959,2/14/2013,1,1,2,6
5731,1983,Master,27100,4/5/2013,64,1,3,7
7290,1985,Graduation,70596,10/5/2012,68,3,12,2
3846,1974,Graduation,42557,8/29/2012,98,6,4,8
8104,1951,PhD,53312,8/9/2013,32,5,5,7
4507,1952,Graduation,72228,11/27/2012,87,6,8,3
11013,1987,Graduation,67605,3/31/2013,84,2,6,1
4491,1949,Master,62845,10/1/2012,3,3,10,8
3759,1958,Graduation,65196,7/25/2013,34,7,11,5
1162,1987,PhD,42000,1/10/2013,23,5,11,5
2055,1973,PhD,35860,5/19/2014,37,1,2,5
10766,1964,PhD,65526,4/11/2014,22,4,8,2
4415,1961,Graduation,16860,9/12/2012,19,1,3,7
3005,1992,Graduation,83528,5/1/2014,7,4,8,1
2223,1965,2n Cycle,64176,8/3/2012,52,8,8,6
4817,1956,Graduation,22304,8/4/2012,91,1,2,8
2875,1978,Graduation,67023,3/4/2014,93,3,13,2
10536,1971,PhD,32892,5/25/2014,78,3,3,8
11112,1966,Graduation,70713,12/3/2012,23,5,8,3
3807,1955,Graduation,59925,11/30/2012,83,9,9,6
9197,1953,Graduation,39722,2/24/2014,92,2,3,5
10832,1958,Graduation,46610,7/18/2013,4,6,6,6
6421,1961,Graduation,88347,7/3/2013,32,4,9,1
4207,1981,PhD,87171,5/1/2013,27,6,11,2
577,1976,2n Cycle,26907,8/20/2013,10,1,3,7
10855,1968,Master,50014,1/22/2014,9,4,8,5
3081,1978,PhD,41014,4/22/2013,65,1,2,7
3535,1965,Graduation,66294,3/17/2014,68,4,5,2
247,1971,Graduation,36715,11/17/2012,16,7,4,9
8707,1956,Graduation,79456,8/22/2012,12,5,4,3
9523,1982,Graduation,40479,8/17/2013,95,0,3,4
6072,1970,Master,75345,2/2/2013,16,5,6,3
6295,1977,Graduation,54233,2/4/2013,46,11,5,8
10914,1970,Graduation,24163,10/12/2013,3,1,3,4
1509,1958,PhD,84460,1/4/2013,80,9,4,5
5577,1983,Graduation,43776,5/3/2014,77,1,2,6
7348,1958,PhD,71691,3/17/2014,0,4,5,2
1127,1973,PhD,85844,5/29/2014,62,6,7,2
1833,1974,PhD,39190,4/26/2014,91,2,4,5
4944,1959,Graduation,71367,8/23/2013,24,4,7,2
9080,1972,PhD,38578,6/22/2013,2,3,3,8
6466,1965,PhD,57236,3/12/2014,22,2,4,3
9964,1979,Graduation,61825,8/7/2013,56,4,8,4
4790,1958,Graduation,79803,6/2/2014,54,4,5,1
10245,1986,2n Cycle,80910,10/31/2012,71,3,8,1
1109,1982,Master,27590,4/23/2013,38,1,2,7
6001,1979,Graduation,56775,1/2/2013,62,5,10,5
5538,1975,Graduation,83829,10/8/2013,78,4,6,1
10552,1979,2n Cycle,54210,5/20/2013,18,4,7,5
1545,1986,Graduation,38508,8/2/2013,95,7,5,8
7409,1970,Graduation,53187,10/26/2013,66,4,6,5
4444,1972,Graduation,30023,3/24/2014,28,2,3,8
146,1960,PhD,76045,11/15/2013,78,4,11,2
6271,1952,PhD,50870,6/19/2014,13,2,3,5
10065,1970,2n Cycle,15315,8/3/2013,27,2,4,5
4741,1974,2n Cycle,65463,1/30/2014,17,6,9,5
246,1965,Graduation,66480,5/31/2014,71,4,7,4
375,1954,Graduation,76773,2/25/2013,79,2,11,1
1524,1983,2n Cycle,81698,3/1/2013,1,8,5,5
10022,1973,PhD,54466,2/9/2014,78,1,2,5
7451,1960,Master,98777,2/17/2014,23,4,9,1
11010,1984,PhD,16269,8/30/2013,75,3,3,8
4356,1971,Graduation,71819,8/28/2013,70,3,5,6
3885,1983,PhD,33569,10/16/2013,10,1,2,8
1175,1983,Master,36262,9/20/2013,24,3,3,6
880,1966,Basic,22634,1/16/2013,47,2,2,8
2320,1978,2n Cycle,47025,9/12/2013,98,11,6,9
850,1968,Graduation,70566,10/6/2013,4,6,9,3
4713,1979,PhD,31605,11/22/2012,15,2,4,7
675,1973,Master,52034,5/17/2013,67,4,5,7
5025,1979,Graduation,48526,12/24/2013,32,2,4,3
2308,1954,Graduation,46734,11/18/2012,40,6,5,7
5995,1962,Graduation,39552,12/18/2012,54,6,5,8
6749,1966,Graduation,86358,8/8/2012,78,5,6,8
1010,1977,Graduation,46931,4/24/2014,94,1,3,3
8977,1985,Basic,16581,1/12/2013,51,0,3,4
4756,1952,2n Cycle,63998,12/20/2013,42,7,11,4
3412,1951,Master,67381,1/15/2013,67,2,9,7
606,1967,Graduation,25930,10/10/2013,87,1,2,7
5961,1978,Graduation,42693,6/7/2014,29,1,3,5
2975,1976,Graduation,85606,11/12/2012,89,6,9,3
2894,1985,Graduation,72903,10/29/2013,74,7,8,4
7613,1974,2n Cycle,49669,5/24/2014,97,5,6,6
10542,1968,PhD,36778,8/5/2012,63,3,3,9
8015,1962,PhD,85696,5/3/2013,88,4,9,1
10617,1989,Master,10979,5/22/2014,34,3,3,5
11166,1961,Graduation,49678,2/2/2013,81,6,4,7
849,1953,Master,56129,6/20/2013,65,6,10,4
523,1989,Graduation,37155,1/31/2013,51,2,4,5
4066,1978,2n Cycle,21282,5/11/2014,76,2,2,6
8414,1962,PhD,33419,8/17/2013,76,2,4,7
819,1945,Graduation,63285,11/5/2013,84,6,13,3
4961,1974,Master,21255,1/21/2014,56,2,4,4
749,1981,Graduation,42162,11/19/2013,31,3,3,6
5430,1956,Graduation,54450,9/14/2012,0,9,8,8
7755,1954,PhD,57744,11/12/2013,91,9,4,8
10525,1986,Graduation,26576,10/13/2012,40,1,2,9
1453,1943,PhD,57513,7/6/2013,59,9,13,6
8310,1964,Graduation,68142,8/29/2012,96,10,7,6
10710,1979,Graduation,7500,8/29/2012,61,1,2,8
5031,1974,Graduation,83145,9/22/2012,14,5,11,2
2613,1960,Master,54197,4/3/2014,16,1,6,1
213,1963,PhD,23091,5/28/2014,98,2,3,7
967,1976,Graduation,46049,7/21/2013,11,5,9,7
1077,1974,Graduation,56715,12/5/2012,52,7,4,4
7959,1961,Graduation,79410,5/29/2014,19,3,5,1
640,1951,Graduation,57304,3/11/2013,61,7,10,5
4252,1965,Graduation,44375,3/23/2014,73,4,6,5
8432,1956,Graduation,54450,9/14/2012,0,9,8,8
6218,1965,Graduation,59594,10/20/2012,74,8,7,7
6905,1994,Graduation,80685,8/22/2012,55,6,10,2
5922,1974,PhD,40344,10/13/2013,48,4,5,7
3598,1972,Graduation,62710,5/23/2013,53,4,12,4
6116,1968,2n Cycle,48985,7/5/2013,13,1,3,3
6263,1968,Graduation,35322,8/22/2012,34,2,4,8
10486,1948,Graduation,77142,5/29/2013,54,4,8,2
2410,1969,Graduation,81657,1/22/2014,69,3,8,1
193,1996,Basic,14421,2/17/2014,81,1,2,5
3363,1974,2n Cycle,20130,3/17/2014,99,1,3,8
8278,1990,PhD,74214,8/26/2012,3,8,5,5
10660,1957,Master,66726,1/12/2014,61,8,4,7
8686,1979,Basic,23724,1/8/2013,65,2,3,8
1604,1960,Master,47353,11/13/2013,93,2,6,5
5907,1952,Master,33444,11/3/2012,24,1,2,8
10669,1981,Graduation,54386,5/17/2013,8,3,10,3
2918,1981,Graduation,28510,4/13/2013,72,2,4,5
5735,1991,Master,90638,2/13/2014,29,3,10,1
359,1950,Graduation,48070,1/13/2013,33,8,6,7
8387,1957,Graduation,43140,1/5/2013,68,4,5,6
1829,1961,PhD,54959,1/19/2013,55,9,4,7
3839,1958,Basic,15056,5/3/2013,76,2,3,5
9392,1971,Graduation,26954,5/8/2014,17,1,2,7
2292,1985,Graduation,22327,8/2/2013,94,1,3,5
10466,1965,Graduation,44393,8/22/2013,86,1,4,4
9855,1952,PhD,62000,8/25/2013,25,6,13,4
4088,1962,PhD,31497,12/6/2012,22,3,4,8
5231,1974,2n Cycle,45894,2/27/2014,15,1,3,5
590,1970,Master,78579,12/22/2012,35,5,4,3
8732,1969,Master,67369,11/17/2012,81,7,10,4
2315,1960,Graduation,58401,4/20/2014,55,1,2,4
3515,1952,Graduation,62307,2/17/2014,94,4,4,5
2245,1969,Master,43641,4/22/2013,50,2,4,6
6283,1968,Master,63841,4/21/2013,64,9,9,6
2246,1965,2n Cycle,46891,9/1/2013,91,2,4,4
6606,1969,Master,70091,3/31/2013,11,5,10,8
5545,1972,PhD,78075,4/5/2014,72,3,5,1
7342,1961,2n Cycle,59184,9/9/2012,6,6,12,5
837,1977,Graduation,54809,9/11/2013,0,2,5,4
9500,1959,Graduation,58113,1/25/2013,66,9,8,7
3602,1958,Master,51412,12/31/2013,42,3,4,4
234,1979,Graduation,15287,10/10/2012,60,1,2,7
2995,1957,Master,66636,8/17/2013,64,3,9,1
1118,1956,Master,50965,2/20/2013,87,10,5,8
7789,1965,PhD,84618,11/22/2013,96,6,10,2
3068,1990,Graduation,18351,10/29/2013,1,2,3,7
8955,1957,PhD,40451,2/16/2014,54,1,2,5
945,1965,Graduation,36317,5/22/2013,53,3,4,7
5644,1957,Graduation,42213,10/12/2013,96,5,7,7
7192,1955,Graduation,65748,4/15/2013,58,2,10,1
2324,1972,Graduation,77044,10/27/2013,12,7,11,4
697,1969,Graduation,74918,3/12/2013,78,5,6,3
3439,1972,Graduation,56721,10/31/2012,64,4,5,6
1506,1975,Graduation,42160,6/28/2013,26,2,4,6
232,1965,Graduation,61559,7/17/2013,8,4,10,3
8876,1963,PhD,33629,8/8/2012,49,3,4,9
4500,1991,PhD,68682,10/6/2013,56,4,10,2
9739,1963,Graduation,34377,1/19/2013,55,2,2,7
10395,1986,Basic,8940,8/22/2012,25,3,3,8
1176,1973,Graduation,26228,9/22/2013,50,1,2,8
1627,1957,2n Cycle,77297,1/26/2013,84,5,9,4
938,1981,Graduation,40211,7/30/2013,30,2,2,8
2740,1958,PhD,33438,9/22/2013,81,2,4,5
257,1959,PhD,75032,4/28/2013,74,5,9,3
4058,1955,PhD,61284,10/12/2013,76,11,8,6
7736,1986,Graduation,22518,10/22/2012,36,2,2,5
8210,1975,Master,54730,8/15/2013,64,4,8,4
833,1955,Master,38452,3/30/2014,62,3,3,7
6230,1971,Graduation,44421,2/15/2013,53,5,4,8
7325,1986,PhD,38197,6/29/2013,86,1,3,5
1307,1978,Graduation,41986,2/9/2014,15,3,4,4
1502,1983,Graduation,28427,3/21/2013,67,2,3,8
6211,1976,PhD,37395,5/2/2014,47,1,3,6
843,1971,Graduation,64722,5/26/2014,47,8,11,6
4174,1956,Master,55249,4/17/2014,81,2,4,3
9757,1972,Graduation,84906,10/4/2013,98,5,12,2
6918,1989,Graduation,28691,7/4/2013,56,1,3,8
286,1952,Graduation,44213,11/29/2013,48,2,5,6
11086,1984,Basic,25707,1/18/2014,18,1,3,7
1921,1967,PhD,59062,10/3/2013,74,2,3,4
4138,1962,Graduation,76624,5/24/2014,68,5,7,1
7718,1947,Master,66000,4/20/2014,36,1,5,1
1291,1978,PhD,27683,8/4/2012,90,6,4,8
6862,1971,Graduation,1730,5/18/2014,65,0,0,20
4136,1992,Basic,7500,12/3/2012,63,3,2,9
803,1968,Graduation,40521,4/5/2013,82,0,2,5
4298,1973,PhD,20427,3/24/2014,63,1,2,8
10833,1975,Graduation,65106,5/24/2014,55,8,13,6
9606,1965,PhD,69969,8/27/2013,64,4,6,3
8534,1952,Graduation,67433,7/16/2013,51,6,13,4
5153,1967,PhD,77766,2/22/2013,97,11,11,6
961,1972,Graduation,74716,9/12/2013,92,7,5,4
5011,1963,Graduation,68118,10/18/2013,51,8,4,6
6653,1970,PhD,55158,7/30/2012,72,7,5,7
9094,1955,2n Cycle,62972,8/3/2012,39,7,3,6
810,1975,Graduation,74190,5/12/2014,49,4,11,2
5493,1976,Graduation,39356,3/19/2014,21,1,2,6
2147,1969,Graduation,76653,8/16/2013,91,4,11,2
5107,1973,PhD,35860,5/19/2014,37,1,2,5
3979,1983,PhD,90687,5/22/2013,98,6,8,2
6049,1982,Master,73450,12/5/2013,85,7,11,3
8147,1960,Graduation,31454,7/6/2013,40,2,3,8
1857,1952,Graduation,47139,3/6/2014,2,2,2,7
3910,1975,Graduation,83829,10/8/2013,78,4,6,1
5207,1963,PhD,53378,9/24/2012,41,9,6,8
11114,1970,Graduation,19656,2/8/2013,94,2,3,7
5429,1948,PhD,45579,8/20/2013,10,4,4,6
9400,1958,2n Cycle,85485,6/21/2014,73,6,6,2
1740,1944,Graduation,55956,4/7/2014,22,7,4,4
7488,1963,Master,64191,1/22/2013,30,5,13,3
195,1972,Graduation,38808,8/26/2012,21,5,4,8
635,1966,Master,57183,3/19/2013,51,9,7,8
7527,1968,Master,23748,11/21/2012,97,2,3,8
10319,1971,Graduation,66303,2/26/2013,56,3,11,8
2296,1975,Master,37368,12/16/2013,4,1,2,6
10637,1964,Graduation,40800,1/1/2013,77,3,3,7
2931,1978,Graduation,71847,9/21/2012,95,6,9,3
907,1975,Graduation,46149,11/29/2013,36,5,7,5
3698,1983,Graduation,78687,8/9/2012,13,4,8,2
9516,1971,2n Cycle,49118,8/18/2012,90,9,10,7
679,1957,PhD,37633,9/20/2012,49,1,3,9
7384,1951,Master,39767,7/21/2013,18,7,7,8
5043,1951,Basic,26997,11/5/2012,89,4,5,7
5267,1970,Graduation,33986,3/14/2013,43,1,3,7
339,1972,PhD,57091,11/23/2012,82,9,5,7
2516,1969,2n Cycle,46831,6/8/2013,84,1,2,4
9010,1972,Master,83151,2/10/2013,80,5,10,2
378,1971,Graduation,52531,12/30/2012,68,7,10,6
4808,1956,Graduation,15759,9/5/2013,12,1,2,7
5068,1971,Graduation,22804,7/31/2013,75,2,2,9
7628,1973,2n Cycle,43050,3/18/2014,10,2,4,5
7128,1977,PhD,42997,12/7/2013,91,1,2,7
2811,1963,PhD,48918,4/12/2014,21,1,4,4
3551,1954,Master,60033,3/29/2014,28,2,5,2
1663,1978,PhD,34043,10/25/2013,97,2,2,9
5543,1966,Graduation,57811,6/24/2013,49,7,11,5
1577,1946,Graduation,78569,2/19/2014,14,4,4,1
10641,1978,Graduation,7500,12/27/2012,5,2,3,6
5336,1971,Master,157733,6/4/2013,37,1,1,1
6024,1953,Graduation,94384,3/4/2013,62,5,5,2
1878,1985,2n Cycle,23148,2/18/2014,83,2,3,7
3099,1970,Graduation,44267,2/25/2013,48,5,4,9
6055,1979,Graduation,71626,11/1/2012,94,5,8,3
5841,1966,Graduation,60894,6/28/2013,61,10,8,7
3972,1976,Graduation,50200,4/3/2013,70,7,5,8
4394,1965,PhD,81051,5/23/2014,43,5,12,2
5758,1982,Graduation,65169,1/14/2014,23,10,13,6
6658,1972,Graduation,59868,7/22/2013,37,11,12,6
4603,1960,PhD,65695,1/31/2014,50,5,10,4
8427,1956,Master,64857,11/23/2012,78,7,10,4
10260,1965,Master,45143,8/26/2013,74,6,5,7
7143,1955,2n Cycle,74805,11/6/2013,14,4,10,2
8789,1989,2n Cycle,59060,1/11/2014,77,3,7,4
6197,1962,PhD,27238,4/20/2013,39,3,3,9
4554,1965,Graduation,47009,10/1/2013,89,3,8,4
4937,1973,2n Cycle,46094,6/10/2014,62,1,3,7
1920,1972,Graduation,40321,7/29/2013,59,3,3,7
8749,1984,Graduation,37235,2/1/2014,68,1,2,4
1650,1960,Master,81843,4/22/2013,13,5,12,3
10377,1958,Master,46692,6/6/2013,37,6,5,6
9206,1968,Graduation,77382,1/7/2014,36,5,12,1
10971,1977,Graduation,37774,9/3/2012,28,7,3,9
6398,1974,Basic,18393,3/29/2014,2,3,3,8
9212,1962,Master,72828,2/14/2013,17,6,13,7
7937,1982,Graduation,24711,4/18/2014,86,3,3,7
839,1975,PhD,45503,9/25/2013,54,3,4,5
4246,1982,Master,6560,12/12/2013,2,1,1,17
158,1945,PhD,71604,11/17/2013,3,8,5,4
4832,1979,Graduation,27244,3/7/2014,84,2,2,7
5621,1969,Graduation,48752,12/12/2012,8,6,5,9
1945,1962,Graduation,71434,9/18/2013,4,7,7,4
5147,1948,Graduation,90842,7/29/2013,57,4,13,1
2535,1978,Master,88097,8/18/2012,24,6,8,9
11039,1975,Graduation,51948,9/17/2013,51,5,4,5
9495,1982,Graduation,71853,5/8/2013,29,2,6,1
9635,1983,Master,35876,4/20/2014,13,3,3,6
2173,1952,Graduation,40049,10/16/2013,23,1,3,6
942,1982,Graduation,39660,8/8/2012,36,7,3,9
9386,1962,Graduation,50127,5/29/2014,88,5,6,6
5510,1977,Master,43263,11/21/2012,2,5,6,5
873,1949,Master,62845,10/1/2012,3,3,10,8
2253,1990,Graduation,18929,2/16/2013,15,1,4,6
5181,1982,Basic,24367,3/20/2013,58,1,2,9
979,1975,Graduation,33249,2/20/2013,11,2,3,6
10390,1959,2n Cycle,26887,2/10/2013,27,1,3,6
4698,1983,PhD,50150,6/20/2013,32,5,7,5
7793,1976,Graduation,62061,8/31/2013,12,10,7,6
1745,1962,PhD,85696,5/3/2013,88,4,9,1
10590,1956,PhD,76542,3/30/2013,91,4,10,2
5080,1993,Graduation,70515,10/21/2013,12,6,4,2
8369,1987,Graduation,18227,11/8/2012,21,0,2,8
5232,1965,Graduation,69139,1/27/2014,23,4,5,4
2407,1982,Graduation,69109,11/9/2012,10,6,7,4
3834,1962,Graduation,69627,3/17/2013,35,8,11,5
7912,1978,Graduation,38136,4/22/2013,69,3,2,8
7712,1946,PhD,62159,4/28/2014,68,6,10,4
1065,1963,Graduation,80695,12/29/2013,85,5,5,2
7275,1971,Master,33316,10/4/2013,34,2,4,6
1343,1968,Graduation,58554,9/26/2012,55,8,6,7
1384,1992,Basic,17256,11/23/2013,10,2,2,8
9967,1974,Graduation,53034,5/30/2013,30,6,7,8
6181,1950,2n Cycle,52203,7/31/2012,36,8,11,6
10507,1977,2n Cycle,59601,7/25/2013,14,2,7,8
2674,1958,Master,75154,9/4/2012,79,6,6,3
2698,1976,Graduation,47025,11/7/2013,52,6,5,6
3231,1973,Graduation,37971,11/25/2013,97,1,3,8
4096,1968,Master,41335,12/26/2013,24,4,4,7
10476,1958,Graduation,67267,5/13/2014,0,3,5,2
5948,1975,Graduation,57338,4/29/2014,96,4,5,5
9140,1960,2n Cycle,50523,12/25/2013,89,2,4,6
10258,1965,Master,35791,5/6/2013,94,1,3,8
5675,1960,PhD,50611,10/4/2012,98,4,7,6
4743,1969,PhD,56242,3/3/2013,72,8,11,6
8805,1960,Graduation,48904,12/2/2012,1,7,4,8
1542,1975,Graduation,56243,12/30/2013,26,4,8,5
6770,1985,Graduation,21355,8/20/2013,5,2,2,6
8773,1971,Master,57420,6/25/2013,22,5,6,7
10475,1970,Master,,4/1/2013,39,4,6,5
10420,1955,Master,46390,5/5/2014,56,4,3,7
7514,1956,2n Cycle,54342,7/3/2013,74,3,4,6
2902,1958,Graduation,,9/3/2012,87,1,3,5
4345,1964,2n Cycle,,1/12/2014,49,1,2,7
793,1973,Graduation,20895,10/6/2012,24,2,3,9
10909,1948,Graduation,92344,1/15/2014,9,5,5,1
3769,1972,PhD,,3/2/2014,17,1,3,7
8702,1976,2n Cycle,26907,8/20/2013,10,1,3,7
4791,1980,Graduation,44964,12/16/2012,35,1,3,8
2963,1979,Graduation,75507,5/2/2014,56,8,6,3
8216,1972,Master,53761,10/11/2013,7,4,3,5
8140,1973,Graduation,22682,10/3/2013,51,2,4,4
10146,1972,PhD,38887,3/2/2014,17,1,3,7
5289,1975,2n Cycle,41658,11/9/2012,30,1,2,4
2587,1972,PhD,29791,5/15/2014,21,2,3,5
4405,1956,Master,63915,7/30/2013,2,6,12,5
8663,1974,Graduation,39996,5/22/2014,85,1,2,6
2589,1972,Graduation,26759,2/7/2014,65,2,3,6
3421,1968,Master,63841,4/21/2013,64,9,9,6
10490,1969,PhD,51039,12/10/2012,11,6,4,7
4094,1961,Graduation,60544,8/25/2012,92,5,5,6
9958,1972,Graduation,65685,3/29/2014,54,9,9,5
2534,1953,Graduation,37716,4/21/2014,4,4,3,7
4188,1957,Graduation,36864,8/13/2012,53,5,4,8
6613,1970,Master,44511,10/12/2012,39,8,8,8
10827,1967,PhD,36947,8/7/2012,49,3,4,9
5491,1951,Master,47352,4/11/2013,70,6,5,7
8402,1953,Master,67087,12/17/2013,40,7,8,4
8783,1950,Graduation,57045,9/8/2012,40,4,9,3
10010,1953,PhD,36957,9/6/2012,43,3,2,9
618,1977,PhD,69389,9/28/2012,17,7,12,4
9121,1972,Graduation,80134,5/20/2013,40,5,6,6
361,1969,Master,43142,2/18/2014,84,1,2,7
4310,1944,Graduation,80589,1/22/2014,25,5,5,1
2678,1990,Graduation,34412,2/13/2013,62,5,3,9
6376,1979,Graduation,57537,6/10/2013,83,4,8,4
524,1966,Basic,22634,1/16/2013,47,2,2,8
10341,1948,Graduation,51315,2/23/2014,45,2,5,2
5654,1972,Graduation,36026,3/16/2014,34,2,3,6
4098,1973,Graduation,24639,1/28/2014,3,2,4,6
5824,1972,PhD,34578,4/11/2014,1,1,2,6
7000,1972,2n Cycle,65704,10/13/2013,18,2,10,1
2561,1966,Graduation,63810,11/11/2012,45,4,12,8
5229,1969,PhD,54132,2/16/2014,81,1,3,7
4086,1959,Graduation,18690,12/28/2012,77,1,2,8
2428,1970,Graduation,28164,5/4/2013,23,2,4,7
8254,1974,PhD,34596,4/13/2013,48,1,2,8
2836,1972,PhD,43269,9/16/2013,61,1,2,8
8418,1958,2n Cycle,38741,3/30/2014,60,2,3,7
1362,1972,Graduation,31907,3/4/2013,75,6,6,7
7152,1983,Master,27100,4/5/2013,64,1,3,7
10033,1973,2n Cycle,31163,2/13/2014,54,1,3,6
9349,1985,Graduation,92533,12/19/2013,84,6,11,2
274,1973,Graduation,34853,12/23/2013,75,2,3,6
3388,1967,Graduation,70844,10/30/2013,16,6,5,7
922,1979,2n Cycle,31086,5/4/2013,79,1,2,8
8588,1961,Graduation,60544,8/25/2012,92,5,5,6
2518,1986,2n Cycle,20491,1/25/2013,16,0,2,7
574,1964,Graduation,42523,4/23/2014,96,1,4,2
3220,1983,Graduation,39922,2/14/2013,30,3,4,8
5967,1952,Graduation,33402,7/18/2013,60,2,3,8
1183,1949,Master,36408,9/21/2013,11,1,2,6
6856,1979,Graduation,21645,9/3/2012,75,3,3,9
4530,1948,Master,78427,10/24/2012,36,3,10,3
1553,1946,Graduation,82657,9/27/2013,71,7,10,4
4682,1958,Graduation,51876,10/15/2013,88,2,8,1
8204,1971,2n Cycle,78041,12/16/2012,93,4,9,2
5221,1957,Graduation,52852,12/1/2012,93,10,5,8
1232,1982,PhD,70038,10/25/2013,54,4,8,2
1927,1973,2n Cycle,69401,3/23/2014,41,4,5,2
5788,1972,Graduation,46053,2/17/2013,46,3,4,5
6652,1965,Graduation,77343,6/9/2014,28,3,9,1
6246,1953,Graduation,73892,11/13/2013,40,3,8,1
5975,1967,PhD,40304,9/30/2013,82,2,3,7
6875,1965,PhD,32727,8/28/2012,38,7,5,8
4399,1969,Graduation,68695,6/25/2014,3,4,7,2
4042,1971,Graduation,43300,10/13/2012,87,4,4,8
2157,1972,Graduation,26290,1/12/2013,49,2,4,6
10133,1970,Graduation,93790,2/12/2014,16,6,12,2
2525,1974,PhD,38410,9/14/2012,65,5,9,6
8233,1950,Master,64866,1/26/2014,9,7,7,5
9483,1959,Graduation,57957,8/19/2013,24,4,8,3
2945,1955,PhD,46015,4/13/2014,25,1,3,7
10403,1978,Graduation,16531,6/18/2014,43,3,3,7
5074,1986,Master,28072,7/8/2013,10,1,3,7
10524,1963,Master,49476,6/20/2013,29,2,5,2
4690,1953,Graduation,50725,2/13/2013,45,8,8,8
7521,1952,Graduation,83844,5/12/2013,57,4,11,1
7196,1950,PhD,41145,2/8/2014,20,0,3,3
4406,1970,Graduation,67419,1/16/2013,29,9,8,5
9672,1970,2n Cycle,23162,12/21/2013,82,1,3,6
4864,1977,Graduation,34380,5/2/2013,68,4,3,8
4706,1966,Graduation,34704,4/27/2013,65,1,3,5
4070,1969,PhD,94871,9/1/2012,99,8,4,7
25,1958,Graduation,65148,11/16/2012,9,6,7,4
3697,1954,Graduation,39898,2/12/2013,20,3,4,7
217,1956,Master,64857,11/23/2012,78,7,10,4
4220,1970,PhD,59892,11/2/2013,26,2,3,3
5286,1987,Master,41020,10/28/2013,68,3,4,3
9559,1961,PhD,57072,1/24/2014,79,7,13,5
2849,1979,Graduation,60474,4/1/2013,25,10,12,7
7787,1960,Graduation,62807,8/31/2012,83,5,12,5
3102,1981,2n Cycle,19414,10/16/2013,32,1,3,8
5868,1980,Graduation,19107,8/22/2013,49,1,3,7
8370,1976,2n Cycle,75484,8/2/2012,50,7,6,4
9988,1976,Master,70379,3/3/2013,84,6,13,4
2939,1970,Master,79419,6/22/2014,96,4,4,2
5529,1946,PhD,64014,6/10/2014,56,8,5,7
9743,1955,Graduation,76998,1/11/2013,85,11,8,6
5763,1972,Master,49854,11/10/2013,63,6,5,6
3478,1971,PhD,60585,6/24/2013,17,7,9,5
7494,1950,PhD,42873,1/21/2013,11,6,4,8
1763,1988,Graduation,87679,7/27/2013,62,7,10,4
7250,1978,Graduation,57867,10/1/2013,48,7,9,6
2005,1990,Graduation,35765,12/11/2013,86,2,4,6
10770,1959,Graduation,65492,1/26/2014,73,4,13,2
6885,1977,Graduation,32952,12/1/2013,36,2,3,7
2072,1969,PhD,53374,8/16/2012,34,4,9,9
9463,1959,Graduation,71706,11/13/2012,16,9,7,5
6318,1988,Graduation,68487,1/13/2013,48,9,13,4
4093,1975,Master,53253,2/11/2013,61,4,5,5
5751,1973,2n Cycle,31163,2/13/2014,54,1,3,6
3340,1977,Graduation,42014,8/17/2012,56,7,6,8
3594,1973,Master,54108,11/5/2012,74,8,9,8
3584,1955,PhD,49667,8/20/2012,35,5,5,8
3643,1974,Master,63206,3/20/2014,65,4,6,2
851,1972,Master,57136,7/9/2013,48,5,10,6
7706,1975,2n Cycle,46772,11/7/2012,88,11,5,8
3967,1971,PhD,78931,10/25/2013,19,2,13,1
10128,1958,Graduation,53977,6/8/2013,21,5,12,5
486,1988,Graduation,84219,2/2/2014,27,3,10,1
9,1975,Master,46098,8/18/2012,86,3,2,8
9451,1965,Graduation,73538,11/25/2012,92,10,9,7
9264,1986,Graduation,79529,4/27/2014,1,4,9,2
3865,1977,2n Cycle,20981,4/30/2013,14,3,2,8
2853,1980,Graduation,51766,3/11/2014,74,4,4,5
1490,1962,Graduation,55759,11/28/2012,84,10,8,8
6310,1978,Graduation,33039,9/9/2013,4,2,4,5
10380,1972,Master,37787,9/20/2013,50,3,3,8
3887,1970,Graduation,27242,11/11/2012,2,2,3,9
4278,1983,PhD,87188,6/3/2013,73,10,6,3
8643,1971,Graduation,69930,5/26/2013,21,4,12,3
1998,1976,Graduation,37697,2/7/2014,82,2,3,6
10795,1973,PhD,37401,5/6/2014,14,2,3,7
11110,1973,Graduation,3502,4/13/2013,56,0,0,14
2408,1976,Graduation,58597,11/20/2012,20,7,9,7
202,1948,PhD,82032,4/5/2014,54,4,7,1
7998,1958,Graduation,28087,12/11/2012,77,2,2,7
830,1987,PhD,74004,2/24/2014,5,4,4,3
3536,1960,Graduation,19740,3/24/2013,65,1,3,5
6050,1975,2n Cycle,57036,12/11/2012,33,6,13,9
125,1958,2n Cycle,53083,5/15/2013,65,5,5,7
3463,1975,PhD,69283,6/14/2014,41,7,13,5
2804,1975,Master,46098,8/18/2012,86,3,2,8
3745,1988,2n Cycle,23331,9/4/2012,92,3,3,8
9771,1988,2n Cycle,23331,10/5/2012,97,5,5,9
451,1989,Graduation,9255,12/20/2013,91,1,2,8
10530,1959,PhD,67786,12/7/2013,0,3,6,1
1079,1971,PhD,71969,10/16/2012,59,3,9,8
8920,1967,Master,59235,1/12/2013,4,11,12,7
6678,1989,Graduation,31928,3/28/2014,5,3,4,7
3852,1961,Master,74881,3/8/2013,48,9,12,5
528,1978,Graduation,65819,11/29/2012,99,5,10,3
73,1953,PhD,51411,5/26/2013,81,0,3,5
5589,1964,Graduation,51983,8/31/2012,95,9,10,7
10212,1986,Master,42386,1/13/2013,43,3,3,8
6365,1987,2n Cycle,30390,9/2/2013,5,2,3,6
5636,1963,Graduation,30983,11/9/2012,50,4,3,8
591,1957,Graduation,66033,1/20/2013,76,8,7,7
2217,1975,2n Cycle,37284,3/29/2013,46,0,3,6
2544,1951,Master,57530,10/12/2013,68,1,4,1
7725,1965,2n Cycle,76800,3/8/2014,33,4,7,1
8091,1956,Graduation,63943,9/2/2012,50,6,6,5
7321,1962,Graduation,76081,5/23/2014,85,4,4,2
5462,1974,Graduation,67445,8/12/2012,63,9,12,6
7791,1967,Master,37054,9/15/2013,89,1,3,7
955,1962,Master,47175,10/28/2012,81,4,4,8
4037,1976,Graduation,31859,6/14/2013,77,1,2,7
6642,1961,Graduation,27215,1/23/2013,50,2,4,6
2793,1976,PhD,70179,7/21/2013,10,7,13,5
5424,1983,Graduation,39922,2/14/2013,30,3,4,8
879,1976,Master,49681,11/4/2013,66,7,7,7
9530,1988,Graduation,24645,11/1/2012,16,1,2,8
4828,1954,Graduation,79865,6/18/2014,12,5,5,1
10699,1985,Graduation,44322,6/16/2014,30,3,3,8
1497,1952,Graduation,47958,1/19/2013,8,6,5,5
7476,1964,Master,63972,12/2/2012,93,5,10,4
4390,1954,Graduation,75315,4/15/2014,14,5,12,2
10478,1950,PhD,55517,9/27/2012,53,11,6,9
1081,1957,PhD,75283,3/27/2013,26,6,5,4
4261,1946,PhD,82800,11/24/2012,23,7,12,3
9916,1954,Graduation,38998,11/3/2012,92,2,3,8
5350,1991,Master,90638,2/13/2014,29,3,10,1
8135,1986,Master,27161,10/28/2013,41,1,3,7
8685,1977,Graduation,42014,8/17/2012,56,7,6,8
4967,1960,PhD,38201,3/29/2013,19,5,5,8
2130,1982,Graduation,45203,3/23/2014,4,3,3,6
9298,1947,PhD,81574,4/28/2014,89,4,8,1
8175,1992,Graduation,34935,6/21/2013,71,2,4,7
6257,1976,Master,60482,1/23/2013,81,7,7,7
3790,1956,Graduation,34633,1/23/2014,31,1,2,6
9952,1947,Master,78093,12/11/2013,53,4,5,1
3503,1950,Graduation,82460,12/2/2013,78,5,6,1
5223,1966,Master,45903,4/23/2014,80,2,3,4
4608,1987,Graduation,81361,2/25/2014,18,3,13,1
1626,1973,PhD,35860,5/19/2014,37,1,2,5
4764,1952,Master,40442,8/19/2012,52,3,4,7
2471,1965,Graduation,61482,6/27/2014,39,3,6,2
5892,1980,Graduation,34968,4/10/2013,11,3,5,7
2612,1987,Graduation,75794,12/24/2013,33,7,12,3
4971,1962,PhD,31497,12/6/2012,22,3,4,8
5185,1955,Graduation,74268,2/14/2013,83,4,5,2
10069,1988,Basic,13724,8/31/2012,43,2,2,9
2262,1965,Master,45143,8/26/2013,74,6,5,7
1131,1967,PhD,52569,4/5/2014,54,2,4,3
1041,1973,PhD,48432,10/18/2012,3,7,6,8
24,1960,Master,17144,2/15/2014,96,3,4,7
3409,1984,Graduation,36108,10/15/2013,68,7,4,9
7022,1971,Graduation,76445,9/28/2012,2,2,13,6
7943,1975,PhD,36663,4/25/2014,40,1,3,2
5272,1965,Master,53843,6/27/2013,64,8,3,7
5453,1956,Master,90226,9/26/2012,26,4,12,2
2565,1955,Master,70638,6/1/2013,69,4,10,3
800,1960,Graduation,44512,8/30/2013,57,1,3,4
11092,1961,Graduation,27116,3/2/2014,78,2,3,7
5062,1963,PhD,54072,7/27/2013,71,2,2,8
8969,1977,Graduation,71855,1/16/2013,59,5,11,3
4656,1990,2n Cycle,51250,3/30/2013,28,10,4,9
4480,1973,Master,60432,3/9/2014,61,7,5,6
9971,1964,PhD,65526,4/11/2014,22,4,8,2
6729,1988,Graduation,68655,8/10/2012,95,4,11,3
1773,1978,2n Cycle,12393,12/4/2012,38,2,3,9
9242,1990,Graduation,64509,8/17/2013,19,6,9,4
1764,1975,Graduation,33955,8/9/2013,92,5,5,8
6215,1977,Graduation,31353,12/29/2013,24,1,2,8
10099,1984,Graduation,55434,10/5/2013,21,5,13,4
5423,1983,Graduation,28359,10/27/2013,35,1,2,7
940,1987,Graduation,57100,5/18/2014,9,3,7,3
3011,1965,Graduation,69139,1/27/2014,23,4,5,4
3298,1956,Master,52973,11/8/2012,92,9,9,8
8286,1965,PhD,51717,8/20/2013,55,3,4,7
9668,1971,Graduation,18793,1/12/2013,14,2,4,8
5120,1982,2n Cycle,66664,9/25/2012,78,5,6,3
6097,1959,Graduation,50664,1/16/2013,64,8,6,9
7019,1963,Graduation,54414,1/23/2013,49,3,5,4
7408,1952,PhD,54549,3/3/2014,8,5,4,7
8041,1971,PhD,47111,9/8/2012,35,3,10,9
252,1963,PhD,41003,3/17/2013,11,6,8,6
9986,1982,Graduation,19444,2/22/2014,8,4,2,7
3276,1976,2n Cycle,36301,10/25/2013,53,3,3,7
3859,1947,PhD,73059,8/31/2013,36,9,13,4
3570,1969,PhD,42731,10/21/2013,64,4,5,5
3783,1959,PhD,52854,3/24/2014,43,2,4,5
10207,1978,Graduation,22775,6/19/2013,40,1,2,8
10906,1948,PhD,46681,10/8/2013,52,4,4,5
3427,1955,PhD,59821,4/12/2013,11,11,7,8
5209,1954,Graduation,50002,6/17/2013,21,8,7,7
10711,1945,Graduation,69755,10/2/2013,23,3,12,1
10785,1969,Graduation,44078,6/19/2014,17,2,3,5
2814,1976,Master,30560,6/27/2013,6,1,3,7
6866,1969,Master,35924,3/23/2014,56,1,3,5
1665,1964,PhD,64140,9/23/2013,71,2,6,5
6575,1981,Graduation,56386,10/27/2012,51,9,7,9
3829,1979,Basic,24594,12/10/2013,94,1,3,5
3091,1981,2n Cycle,75774,5/2/2014,27,7,8,4
10141,1960,Master,39228,5/10/2013,1,0,3,4
5177,1974,Master,58494,12/12/2013,56,6,6,6
7005,1981,Graduation,58684,6/16/2014,71,5,12,2
6409,1967,Graduation,57136,5/18/2013,18,7,7,6
7485,1950,PhD,56551,5/7/2014,48,2,4,4
8079,1982,Graduation,22448,2/26/2014,86,2,3,3
8395,1961,Graduation,82014,8/20/2012,48,3,12,6
10352,1963,Graduation,34213,9/7/2012,2,3,2,9
4931,1977,Graduation,157146,4/29/2013,13,0,0,1
13,1947,PhD,25358,7/22/2013,57,1,3,6
1834,1978,Master,35544,3/8/2014,77,2,3,7
2285,1954,Master,36634,5/28/2013,0,5,5,7
2295,1954,PhD,62670,2/2/2014,57,5,13,3
1378,1972,2n Cycle,50334,7/24/2013,24,7,6,6
2781,1981,Graduation,72066,6/23/2014,55,4,6,2
1165,1958,PhD,50729,5/2/2013,62,6,7,6
1404,1968,Graduation,34916,5/15/2013,89,5,3,9
6457,1976,Graduation,64892,5/29/2014,77,6,12,4
2639,1966,Graduation,43602,1/10/2014,45,3,2,6
8299,1989,PhD,33996,9/11/2013,46,1,3,4
6437,1985,2n Cycle,41473,6/19/2013,80,2,3,7
6912,1967,PhD,63246,8/20/2013,60,6,12,4
7327,1959,PhD,36732,12/29/2013,71,1,4,2
5299,1970,PhD,69084,11/19/2013,43,7,13,8
4127,1967,PhD,77766,2/22/2013,97,11,11,6
8143,1985,PhD,37929,7/30/2013,49,4,5,7
1964,1951,Graduation,86610,9/5/2013,66,5,6,2
3690,1986,Master,80141,1/11/2013,20,7,10,6
3433,1955,2n Cycle,72635,6/3/2013,54,6,6,3
3389,1970,Graduation,69016,11/22/2012,61,8,13,5
4712,1991,2n Cycle,20193,11/28/2012,18,1,4,4
1170,1975,Graduation,27573,3/25/2013,45,5,4,8
6347,1979,Basic,15862,6/27/2013,26,1,3,8
4065,1976,PhD,49544,2/12/2013,0,5,8,7
8230,1980,Graduation,33228,1/23/2014,28,2,3,7
1215,1978,Graduation,70440,10/8/2013,49,5,7,3
5939,1971,Graduation,38232,1/17/2014,84,3,3,5
2156,1955,PhD,22554,11/3/2012,38,2,4,5
7788,1983,PhD,23536,6/4/2014,53,0,3,3
10323,1952,Graduation,49413,10/25/2013,88,4,5,5
7947,1969,Graduation,42231,3/25/2014,99,1,3,5
1891,1980,Master,78789,8/8/2012,12,4,5,2
2570,1968,Graduation,56534,7/23/2013,35,10,7,8
9256,1971,Graduation,58350,1/4/2013,5,8,12,6
295,1989,Graduation,81217,7/19/2013,77,3,11,1
7397,1951,Graduation,49090,7/19/2013,45,7,9,7
6349,1987,Master,61787,7/6/2013,71,8,6,5
10790,1985,PhD,18169,2/19/2013,40,1,2,8
10398,1981,2n Cycle,24336,8/27/2012,82,1,2,7
2431,1990,Graduation,18222,12/31/2012,70,2,3,8
550,1952,Graduation,62335,5/23/2013,87,3,13,2
1890,1971,2n Cycle,42033,9/19/2012,95,1,2,7
10742,1983,PhD,86580,2/27/2013,72,4,5,1
10356,1957,PhD,41437,9/22/2012,5,1,3,7
4676,1951,Master,73705,3/5/2014,86,9,8,5
8852,1976,Graduation,61064,8/31/2012,80,8,11,6
3565,1955,Master,38452,3/30/2014,62,3,3,7
5294,1989,Graduation,18358,11/20/2013,49,3,4,7
1958,1973,PhD,55012,3/21/2014,85,8,9,5
7349,1973,Basic,9722,10/2/2012,7,3,3,8
8799,1984,PhD,38175,9/23/2013,6,3,4,7
1351,1956,Master,58656,9/20/2012,25,7,13,6
1045,1965,Graduation,52117,8/16/2012,55,5,4,7
7732,1978,Graduation,64813,1/2/2014,81,7,10,5
8070,1973,PhD,54222,3/1/2014,98,3,5,3
477,1986,Graduation,83512,6/17/2014,31,4,10,1
7832,1959,Master,77520,8/28/2013,30,8,7,4
2202,1978,Graduation,41154,4/9/2013,98,1,4,5
7396,1966,Graduation,80398,11/10/2012,92,5,12,3
4055,1992,Basic,18746,5/29/2014,41,3,3,6
10340,1984,Graduation,35196,11/13/2012,68,6,5,8
10091,1956,Graduation,60230,5/20/2013,78,6,6,5
7629,1977,Graduation,22108,5/8/2014,46,2,3,7
10640,1974,Graduation,44392,9/5/2013,71,4,4,7
3498,1976,PhD,55424,11/25/2012,6,7,9,6
6742,1979,Graduation,17688,1/13/2013,82,1,2,8
1172,1983,PhD,92491,5/1/2013,71,7,12,3
569,1991,Graduation,90273,12/14/2013,32,5,7,2
4686,1962,PhD,82571,4/2/2014,28,6,13,2
1381,1982,PhD,38513,1/28/2014,20,6,5,8
2634,1979,Master,16653,4/18/2014,10,2,3,6
10905,1955,Graduation,42586,10/29/2012,7,4,6,8
1744,1965,Basic,23529,1/7/2013,67,1,2,6
1000,1961,Master,74881,3/8/2013,48,9,12,5
3828,1951,Graduation,71107,2/17/2013,61,7,13,4
8605,1964,PhD,46910,3/23/2014,36,2,3,6
10304,1959,Graduation,18690,12/28/2012,77,1,2,8
4351,1955,Graduation,37244,4/27/2013,90,1,2,7
10129,1966,Graduation,82427,3/12/2014,35,3,12,1
2499,1958,2n Cycle,75342,5/6/2013,38,5,10,4
10092,1954,Graduation,70044,2/18/2013,46,7,5,5
7500,1967,Graduation,79146,4/24/2014,33,8,8,6
5796,1963,Graduation,77437,11/26/2013,70,4,13,1
10556,1959,Graduation,54984,5/24/2014,51,6,6,7
1064,1971,PhD,42403,12/11/2013,18,1,3,8
48,1964,Graduation,55761,4/24/2014,97,4,3,6
7610,1983,Graduation,37292,4/18/2013,32,6,5,8
263,1945,PhD,45576,5/28/2014,9,3,3,8
10814,1947,Graduation,70321,1/16/2013,6,6,13,4
9710,1969,PhD,58086,1/20/2013,80,11,7,8
9292,1952,Graduation,81795,10/26/2012,74,4,7,2
10250,1947,Basic,28389,11/20/2012,49,1,2,7
7881,1946,Master,66835,9/28/2013,21,6,13,2
5847,1969,Graduation,69901,5/29/2013,95,7,10,5
737,1949,PhD,80360,3/3/2013,56,4,5,2
3571,1961,PhD,63342,10/16/2012,48,8,5,6
7807,1974,Graduation,44989,9/12/2012,26,5,5,6
3878,1980,2n Cycle,31859,2/27/2014,3,1,3,7
5092,1949,PhD,51569,2/12/2013,39,7,7,8
2154,1971,Graduation,30372,12/25/2012,33,2,3,7
5394,1979,Basic,16014,3/17/2013,42,1,4,3
3798,1968,Graduation,41120,11/6/2013,80,2,3,6
3524,1971,Master,39763,8/4/2013,9,5,2,9
5247,1955,PhD,38725,5/10/2014,52,1,4,4
5883,1972,Graduation,77981,5/26/2013,78,7,7,5
2118,1964,2n Cycle,62905,9/10/2013,68,7,8,4
8812,1979,2n Cycle,13533,3/10/2013,45,2,3,7
6616,1975,Graduation,59481,10/23/2013,47,3,8,2
2797,1977,Graduation,72117,8/20/2013,34,9,9,5
4328,1986,2n Cycle,21955,9/7/2013,81,2,3,6
9167,1956,Graduation,67131,3/26/2013,72,9,12,6
10560,1980,PhD,36802,6/16/2014,23,1,3,5
2631,1982,Graduation,71853,5/8/2013,29,2,6,1
8312,1961,Basic,28249,6/15/2014,80,2,3,6
5534,1975,Master,47808,10/20/2013,30,3,3,7
5093,1974,PhD,25509,9/18/2012,15,3,3,9
7592,1946,PhD,51012,4/18/2013,86,4,4,6
8895,1985,Graduation,70596,10/5/2012,68,3,12,2
8584,1952,PhD,85431,6/8/2013,54,2,7,0
2694,1967,Graduation,42664,3/18/2014,44,1,3,6
8910,1955,Graduation,42586,10/29/2012,7,4,6,8
7433,1985,Graduation,29760,8/29/2012,87,3,4,8
164,1977,PhD,28973,10/13/2012,59,5,5,8
10477,1973,PhD,39435,8/6/2013,16,3,2,7
2681,1984,2n Cycle,65370,8/1/2013,1,2,13,1
5150,1979,Basic,20194,12/17/2012,64,2,3,6
5283,1976,PhD,42473,2/17/2014,72,2,4,5
9645,1968,Graduation,64590,10/14/2012,98,9,10,6
10678,1959,Graduation,71232,11/28/2013,91,11,10,7
7261,1971,Graduation,34600,1/1/2013,8,5,5,8
9648,1967,Graduation,46904,11/3/2012,20,5,4,8
2870,1973,Graduation,49094,9/21/2012,6,6,6,6
8008,1983,Graduation,36075,12/9/2013,54,2,4,6
1513,1979,2n Cycle,60839,8/28/2012,72,2,12,8
6173,1979,Graduation,77298,11/2/2013,46,6,11,3
1419,1950,Graduation,34026,8/5/2013,11,2,3,5
9150,1963,PhD,48918,4/12/2014,21,1,4,4
7960,1962,2n Cycle,82122,8/15/2013,89,3,13,1
1250,1976,Graduation,37697,2/7/2014,82,2,3,6
9905,1952,Graduation,34074,7/13/2013,69,3,3,6
10691,1960,Master,28520,6/14/2013,55,1,2,6
7002,1955,Graduation,62535,10/3/2013,13,3,8,3
2952,1977,Master,36273,4/16/2014,80,3,3,6
8439,1964,Graduation,63404,6/6/2014,97,6,4,4
762,1981,2n Cycle,75774,5/2/2014,27,7,8,4
2831,1976,Graduation,78416,6/27/2014,99,7,10,3
6977,1974,Graduation,75702,10/14/2012,87,10,13,6
6289,1951,Master,59385,4/28/2013,85,3,4,5
4168,1966,Graduation,37070,3/20/2013,30,5,8,7
8397,1951,Graduation,44689,1/10/2014,82,1,2,7
9284,1958,Graduation,53977,6/8/2013,21,5,12,5
6237,1966,PhD,7144,12/7/2013,92,23,1,0
3130,1964,Graduation,18701,6/4/2013,95,2,4,5
1619,1956,Graduation,90369,4/28/2014,2,4,6,1
1990,1974,PhD,63159,11/5/2012,74,3,8,3
5513,1966,Graduation,37758,10/4/2012,49,1,3,8
269,1963,PhD,46757,11/16/2012,71,4,7,9
8093,1969,Master,79734,6/28/2014,72,4,6,1
10513,1992,Graduation,63207,1/20/2013,68,2,6,7
10177,1954,Graduation,72071,2/14/2013,4,5,8,2
2549,1983,PhD,21840,7/21/2013,80,1,3,9
5782,1982,2n Cycle,58582,9/28/2013,15,9,9,5
10057,1951,Graduation,72282,7/19/2013,70,5,9,7
10307,1956,Graduation,50387,8/31/2013,91,6,8,5
8566,1961,PhD,32583,6/15/2014,10,1,2,7
2415,1962,Graduation,62568,4/7/2014,99,5,5,4
5684,1971,Master,44635,10/11/2013,25,2,3,7
8334,1971,Master,33316,10/4/2013,34,2,4,6
9166,1968,Graduation,63967,8/9/2013,57,4,12,2
1440,1978,2n Cycle,52513,9/4/2012,84,9,9,7
78,1969,Graduation,25293,9/15/2013,51,1,2,8
5441,1965,PhD,54111,8/25/2013,97,5,6,5
5302,1986,Graduation,78394,2/15/2013,13,4,5,2
4687,1958,Master,80739,5/23/2013,92,3,9,1
1087,1975,Master,22669,5/22/2013,30,4,2,9
6859,1987,Graduation,29236,10/8/2013,30,4,3,9
9860,1959,Graduation,44911,3/15/2013,11,4,4,7
7129,1962,PhD,54693,2/17/2013,72,6,13,6
5866,1974,Graduation,48186,3/20/2014,39,4,4,7
10521,1977,Graduation,54809,9/11/2013,0,2,5,4
7393,1978,Graduation,41580,12/10/2012,15,2,3,5
7849,1970,PhD,80336,9/9/2013,12,2,13,1
332,1957,Graduation,47743,3/22/2013,56,4,6,6
9847,1955,2n Cycle,62972,8/3/2012,39,7,3,6
531,1954,PhD,57333,9/22/2012,55,8,9,6
9576,1982,PhD,32313,2/11/2013,60,4,4,9
6906,1953,Master,84953,6/3/2013,73,3,4,2
7419,1968,Master,27071,4/23/2014,90,2,3,6
3170,1957,Master,68148,8/31/2013,86,4,6,2
8527,1965,Master,65735,12/7/2013,37,6,6,7
7872,1975,PhD,86836,9/12/2012,7,6,6,5
9931,1963,PhD,4023,6/23/2014,29,0,0,19
10595,1990,Graduation,30093,7/8/2013,19,2,3,7
4609,1966,PhD,57705,1/11/2014,14,8,6,6
5010,1988,Graduation,25008,2/2/2014,72,1,3,8
4427,1995,2n Cycle,83257,9/18/2012,56,5,12,6
11148,1975,Graduation,22280,5/19/2013,85,1,2,8
1168,1978,PhD,72159,10/29/2012,62,4,10,2
9595,1961,Graduation,64260,1/11/2013,1,4,4,3
10163,1984,PhD,82733,9/10/2013,28,8,7,4
2886,1971,Master,74290,8/12/2013,70,10,10,6
6710,1951,Master,58217,11/17/2012,84,2,4,6
5316,1976,Master,21024,7/4/2013,89,2,4,7
9029,1972,PhD,70116,1/26/2013,73,2,12,1
521,1985,Graduation,54006,9/18/2012,42,8,7,7
1459,1966,PhD,69063,11/7/2012,16,5,5,3
10241,1975,2n Cycle,11448,12/15/2013,16,1,2,6
1630,1979,Graduation,61825,8/7/2013,56,4,8,4
3254,1971,Graduation,70886,10/14/2013,65,5,4,2
9064,1982,Graduation,69109,11/9/2012,10,6,7,4
3678,1973,Graduation,60208,10/7/2012,13,8,7,7
4227,1968,Master,32889,9/6/2013,78,2,3,5
9467,1984,Graduation,34738,5/11/2014,51,1,3,6
8486,1971,Master,30538,10/1/2012,27,9,4,10
2186,1977,2n Cycle,82326,3/10/2014,30,5,6,2
3286,1967,PhD,26642,3/1/2014,71,2,3,6
8602,1964,Graduation,69932,6/12/2013,97,7,11,4
3722,1972,Graduation,44503,4/16/2014,83,2,3,6
6715,1948,PhD,60200,1/2/2013,3,6,11,6
4796,1952,Graduation,49638,4/19/2014,71,1,3,2
9612,1987,2n Cycle,23830,2/7/2014,3,1,3,7
3766,1959,Master,33051,8/16/2012,15,9,8,9
1399,1958,Graduation,72905,1/21/2014,52,3,9,1
1570,1951,PhD,69702,2/19/2013,8,7,10,4
3426,1975,Graduation,70300,7/15/2013,89,5,13,8
3074,1984,PhD,70643,10/15/2012,66,5,4,6
8341,1969,PhD,30396,4/30/2014,22,1,2,7
5180,1968,PhD,50616,4/18/2014,56,4,4,7
6461,1969,Master,62772,5/19/2013,74,5,11,2
7679,1985,PhD,30298,5/19/2014,48,1,3,3
10702,1984,Graduation,52413,11/3/2012,67,7,7,7
7505,1957,PhD,44155,1/19/2014,24,1,2,4
5113,1971,PhD,86979,11/7/2013,67,5,5,2
10858,1975,Graduation,76532,9/9/2013,38,9,7,5
2961,1982,Graduation,42081,2/26/2013,86,6,4,6
2747,1988,PhD,67546,8/31/2012,90,4,5,3
3010,1989,Master,88420,5/2/2014,87,4,8,1
5790,1985,Graduation,31158,1/27/2013,62,2,3,8
6892,1968,Graduation,61671,6/3/2014,23,10,6,8
1743,1974,Graduation,69719,5/26/2014,99,2,5,1
3578,1949,Graduation,49160,10/20/2013,29,3,6,6
8462,1978,Basic,24882,9/9/2012,52,1,2,6
5558,1954,PhD,90933,3/31/2014,90,4,4,1
4619,1945,PhD,113734,5/28/2014,9,27,0,1
8780,1950,PhD,59292,6/13/2013,71,3,8,3
10789,1964,PhD,45759,2/23/2013,13,2,3,7
10779,1983,Graduation,22148,4/13/2014,16,1,3,7
5896,1987,Master,73395,3/18/2014,94,4,6,2
2337,1971,Graduation,29819,10/24/2013,77,3,3,6
10951,1968,Graduation,45688,1/25/2014,20,3,8,4
544,1954,Graduation,62820,5/11/2013,51,3,6,1
17,1971,PhD,60491,9/6/2013,81,6,7,5
10680,1986,Graduation,33235,2/5/2014,71,3,3,7
3265,1959,Graduation,35701,3/19/2013,36,1,3,6
5623,1980,Master,31535,9/26/2013,95,1,2,7
5832,1960,2n Cycle,92556,4/20/2014,32,3,13,0
5544,1970,Graduation,67384,11/10/2012,32,7,5,5
6417,1971,Master,80573,10/14/2012,85,4,13,2
5831,1967,Graduation,77870,8/22/2012,93,5,5,8
7101,1963,PhD,52278,1/25/2013,24,10,10,8
10176,1968,Graduation,57107,8/24/2012,44,4,8,8
2326,1990,Graduation,18929,2/16/2013,15,1,4,6
4385,1981,PhD,36038,5/31/2013,82,3,3,6
2929,1976,Graduation,20180,2/20/2013,27,2,4,7
10686,1965,PhD,34230,12/26/2012,72,1,2,7
2546,1977,2n Cycle,31878,6/22/2014,7,1,4,3
3283,1972,2n Cycle,70932,1/19/2014,57,6,12,3
3138,1956,Graduation,91249,10/20/2012,84,7,6,4
4994,1943,Master,77598,10/1/2013,53,7,13,3
7966,1959,Graduation,80982,1/8/2013,48,11,11,5
3112,1977,Master,22701,9/5/2013,2,1,3,5
10872,1969,PhD,55212,11/23/2012,65,4,11,8
2181,1970,Graduation,70617,6/23/2013,45,3,7,2
1867,1957,Graduation,64849,11/13/2012,42,9,6,5
1518,1965,Master,62694,6/17/2013,29,9,7,7
5734,1974,PhD,61917,11/20/2013,83,2,4,5
2878,1947,PhD,67472,9/28/2013,93,4,7,3
1458,1982,Master,21059,1/7/2014,40,3,3,6
7007,1968,Master,29543,4/1/2014,47,3,2,7
6200,1951,Graduation,75903,4/8/2013,50,6,9,3
1403,1975,2n Cycle,34984,9/6/2012,40,1,3,7
4827,1956,PhD,54998,3/10/2013,3,4,9,4
6250,1949,PhD,54356,11/19/2012,62,11,8,8
9291,1959,Master,34242,3/23/2014,25,0,3,5
2478,1973,Graduation,25410,8/31/2013,48,1,4,4
1139,1984,PhD,73356,2/6/2014,56,5,5,2
5138,1950,Graduation,28320,1/14/2013,68,1,3,8
5393,1977,Graduation,23763,8/7/2012,64,1,3,7
10413,1984,Graduation,72570,4/25/2014,67,4,12,1
5015,1976,Master,34529,9/14/2012,94,2,3,7
10868,1951,Graduation,70792,2/6/2013,82,3,10,3
10676,1982,Graduation,63211,11/2/2012,3,3,7,2
2495,1974,Master,83891,6/20/2014,24,4,10,1
7842,1968,Graduation,36065,3/31/2013,54,3,3,8
9955,1954,Graduation,39898,2/12/2013,20,3,4,7
6663,1940,PhD,51141,7/8/2013,96,3,4,5
2162,1976,Graduation,56939,9/18/2013,19,3,10,3
3434,1951,Graduation,80872,5/12/2014,60,4,10,1
7919,1976,PhD,72335,8/13/2012,2,10,8,8
5626,1964,PhD,61798,11/23/2013,13,4,9,4
6428,1950,PhD,76842,5/3/2014,37,1,7,0
8514,1976,Graduation,29478,1/17/2014,59,1,3,6
10448,1956,Graduation,46998,10/22/2012,55,5,5,7
2109,1990,Graduation,96843,4/23/2013,60,6,10,2
7530,1950,PhD,56551,5/7/2014,48,2,4,4
8925,1965,Master,70053,7/3/2013,38,8,10,5
3009,1962,PhD,71670,7/9/2013,8,5,6,6
6355,1978,Graduation,44359,6/17/2014,19,2,4,3
3517,1952,Graduation,40887,5/6/2013,32,3,3,9
1158,1966,Graduation,48877,1/5/2014,27,3,4,7
6203,1947,Graduation,74485,8/24/2013,58,6,12,3
7165,1972,Graduation,64474,10/22/2013,59,8,10,5
3595,1963,Graduation,77226,2/28/2014,29,6,12,3
8537,1949,Graduation,72643,2/27/2013,60,3,7,2
4331,1978,Master,85738,1/23/2014,41,3,11,1
6281,1966,Graduation,55686,2/14/2013,27,6,5,4
4338,1983,Graduation,39062,3/25/2014,28,1,3,4
2452,1971,Graduation,34600,1/1/2013,8,5,5,8
9507,1975,Graduation,40794,4/7/2013,18,6,5,7
8360,1971,2n Cycle,54690,11/7/2013,76,3,5,3
10311,1969,Graduation,4428,10/5/2013,0,25,0,1
5117,1963,2n Cycle,32632,8/2/2012,32,4,8,5
4867,1968,PhD,38236,9/20/2013,2,3,4,7
9289,1979,Graduation,36781,4/10/2014,16,2,2,8
10913,1984,Master,31385,12/5/2012,56,1,2,8
3032,1984,Graduation,24570,2/27/2013,97,4,4,9
8524,1974,PhD,25509,9/18/2012,15,3,3,9
3334,1951,Graduation,94642,2/12/2014,35,5,9,1
4470,1962,Master,58646,6/10/2013,3,2,4,4
1406,1975,Graduation,53201,2/12/2013,49,6,5,7
8619,1957,Graduation,21994,12/24/2012,4,0,3,5
10821,1978,Graduation,57113,2/6/2013,45,4,5,7
4552,1991,Graduation,51373,6/22/2013,37,3,3,4
898,1986,Graduation,23477,10/21/2013,39,3,4,8
9797,1956,Graduation,58116,4/13/2014,38,3,8,2
10949,1963,PhD,72968,12/16/2013,8,5,8,3
8212,1971,Master,39791,3/28/2013,89,3,4,7
6248,1947,Master,91712,10/17/2013,47,9,11,3
10164,1958,Graduation,94472,4/3/2014,75,5,5,5
4547,1960,Graduation,13672,4/17/2013,86,1,3,8
6815,1980,2n Cycle,96547,5/23/2014,4,7,8,2
4122,1975,Graduation,79205,8/29/2012,73,6,4,4
10841,1975,PhD,56559,12/25/2012,46,4,8,4
5370,1973,PhD,32644,1/16/2013,38,7,6,8
176,1980,2n Cycle,67506,1/2/2014,73,4,6,3
4860,1970,Graduation,24206,3/8/2013,66,1,3,6
10757,1967,PhD,28420,12/24/2013,36,1,2,6
4023,1970,Graduation,22979,9/6/2012,29,3,2,8
6679,1966,Graduation,33279,6/12/2014,29,0,3,3
9923,1972,Master,46423,9/18/2013,6,2,4,7
7181,1977,Graduation,30368,11/7/2013,97,2,3,8
3599,1970,Graduation,63684,11/26/2012,61,8,8,5
405,1964,Graduation,41638,2/13/2013,68,5,3,8
6870,1959,PhD,68805,9/17/2013,73,3,7,2
832,1966,PhD,65814,3/2/2014,90,8,10,5
2002,1958,Graduation,71964,5/20/2013,81,5,5,3
3657,1986,Graduation,39146,2/14/2013,1,4,4,8
500,1977,Graduation,96876,8/6/2013,79,7,9,2
1951,1981,Basic,34445,1/27/2013,92,11,8,9
3262,1958,Graduation,68281,8/7/2012,31,2,13,5
4102,1975,2n Cycle,37284,3/29/2013,46,0,3,6
7042,1983,Graduation,36790,3/1/2013,14,2,2,9
10598,1967,Graduation,27943,4/15/2013,89,2,3,8
255,1951,Graduation,22263,3/30/2014,31,1,3,6
2375,1972,Graduation,30261,9/25/2012,75,0,3,8
9829,1978,Graduation,28587,2/12/2014,42,2,4,6
6214,1982,Master,43815,4/5/2013,53,2,3,6
4954,1956,Graduation,48195,1/21/2014,53,4,5,6
7861,1952,Master,77027,2/5/2014,23,8,6,4
4837,1965,PhD,71322,2/16/2013,57,8,13,4
9423,1979,Master,32765,2/23/2014,49,2,4,5
4198,1965,Graduation,29672,3/12/2013,6,0,3,6
153,1953,Graduation,23272,10/17/2013,29,1,3,4
9323,1949,Master,49912,9/7/2012,5,10,7,8
10001,1985,2n Cycle,7500,8/1/2012,98,2,3,9
3945,1947,PhD,68117,3/10/2013,80,11,4,6
3799,1955,Graduation,67225,11/26/2013,4,7,11,5
8625,1976,Graduation,17649,11/12/2013,70,3,3,8
3491,1975,Graduation,55914,4/29/2013,32,11,8,7
983,1984,Graduation,40059,9/28/2013,82,6,3,8
9119,1950,Graduation,60905,12/5/2013,27,3,7,2
4786,1977,Graduation,75330,10/4/2012,94,10,12,6
5872,1951,Graduation,60689,6/1/2013,23,4,10,3
6568,1984,Graduation,38680,3/28/2013,97,2,3,7
5628,1982,Graduation,61416,2/8/2013,25,10,10,6
5631,1991,Graduation,49767,5/2/2013,92,5,8,4
4974,1970,Graduation,83273,9/25/2012,98,4,9,7
8416,1981,Graduation,29009,11/29/2013,19,2,3,6
5454,1979,Master,45057,12/1/2013,80,2,3,5
4095,1971,Graduation,37150,9/11/2012,80,4,6,7
5474,1970,Graduation,43020,11/30/2013,79,4,4,6
4268,1959,Graduation,53154,6/9/2014,50,3,4,4
10701,1973,Graduation,65308,9/11/2013,60,7,12,4
3507,1970,Graduation,76467,8/17/2012,44,2,5,6
2079,1947,2n Cycle,81044,12/27/2013,0,5,10,1
626,1951,Graduation,32871,3/9/2013,28,1,3,4
4426,1975,Graduation,55801,9/22/2013,35,7,6,7
2591,1959,Graduation,76320,6/22/2014,49,6,4,2
10509,1955,Master,36927,6/2/2014,46,3,3,8
6382,1953,Graduation,48794,6/26/2014,97,1,3,4
6673,1965,Graduation,23478,3/19/2013,51,3,3,8
7441,1973,Graduation,71128,10/6/2012,80,2,12,7
1071,1976,PhD,70179,7/21/2013,10,7,13,5
10061,1950,Graduation,59462,1/5/2013,29,9,12,7
7187,1969,Master,,5/18/2013,52,4,4,3
8775,1969,Graduation,38361,12/27/2013,74,3,3,7
1612,1981,PhD,,5/31/2013,82,3,3,6
2345,1982,PhD,70038,10/25/2013,54,4,8,2
322,1978,Graduation,42554,1/12/2013,93,2,3,4
10897,1974,Graduation,67445,8/12/2012,63,9,12,6
123,1951,Graduation,67046,1/6/2013,92,4,4,2
6103,1948,Graduation,42192,9/6/2013,40,2,3,4
7899,1952,PhD,77610,10/29/2012,70,4,4,7
10500,1984,Graduation,31761,4/5/2014,96,3,4,5
1655,1979,Graduation,34350,10/19/2013,81,1,3,7
2406,1949,Graduation,54591,8/5/2013,63,6,8,5
2712,1956,Graduation,71866,12/25/2013,85,6,10,3
5517,1969,Graduation,25293,9/15/2013,51,1,2,8
10643,1987,PhD,42000,1/10/2013,23,5,11,5
2254,1983,Graduation,69520,7/7/2013,95,9,5,5
10281,1970,Graduation,64713,2/7/2014,11,5,7,4
6958,1977,Master,27889,7/5/2013,42,1,2,6
954,1960,Basic,22123,3/27/2014,77,2,3,5
5079,1971,Graduation,,3/3/2013,82,2,3,8
10339,1954,Master,,6/23/2013,83,4,4,6
4643,1973,Graduation,27803,8/26/2012,40,3,4,8
3117,1955,Graduation,,10/18/2013,95,6,5,7
6497,1960,Graduation,51651,11/7/2012,32,6,5,8
5396,1988,Graduation,68487,1/13/2013,48,9,13,4
5250,1943,Master,,10/30/2013,75,5,11,1
1052,1969,Graduation,56796,2/16/2013,24,8,7,7
2802,1992,2n Cycle,87000,12/15/2012,61,4,7,2
6343,1959,Graduation,79823,3/31/2014,6,6,7,2
6507,1980,Graduation,30828,10/4/2013,16,1,4,3
7901,1971,Master,34109,11/6/2013,39,0,3,4
4865,1974,Master,53367,8/31/2013,2,5,8,7
2686,1969,Basic,22390,10/21/2013,49,1,2,7
3107,1976,Graduation,71322,5/2/2014,31,4,7,2
7734,1993,Graduation,79244,12/19/2012,58,4,7,1
1146,1949,Master,49912,9/7/2012,5,10,7,8
11031,1950,PhD,48699,5/21/2013,90,1,3,5
7428,1975,Graduation,80144,9/30/2013,47,3,8,1
975,1956,Graduation,54252,5/28/2013,25,4,5,6
1103,1976,Master,81929,9/29/2012,60,4,10,6
3422,1975,Graduation,76068,11/29/2012,67,2,4,6
1055,1976,Master,53204,3/20/2014,40,1,3,4
6544,1949,PhD,67911,5/22/2014,63,6,11,3
1241,1984,2n Cycle,14796,9/17/2012,1,1,3,9
2909,1974,PhD,78128,2/19/2014,89,8,6,3
5802,1972,Basic,14188,2/28/2013,40,2,4,6
1407,1986,Basic,20425,10/29/2012,5,2,3,7
6183,1962,Master,58646,6/10/2013,3,2,4,4
340,1970,Graduation,72967,12/15/2012,1,7,8,5
5991,1949,Master,48150,6/8/2013,24,5,4,7
3104,1961,Graduation,82332,9/17/2012,89,5,12,2
9729,1955,Graduation,58275,6/2/2013,48,8,7,7
1008,1981,PhD,44953,12/21/2012,31,7,13,6
11091,1953,Graduation,34587,5/16/2014,68,1,3,4
3969,1974,Master,43018,11/1/2013,46,2,2,5
1916,1954,Master,45736,7/24/2013,92,7,6,7
9907,1969,Master,66476,12/4/2013,80,6,10,4
87,1981,2n Cycle,27733,8/26/2013,16,2,3,7
8659,1952,PhD,69805,1/21/2014,50,6,11,2
6262,1962,Master,72217,4/10/2013,93,3,8,2
6147,1971,Graduation,25818,10/18/2012,51,0,2,7
8832,1976,Master,37509,9/12/2012,24,3,4,7
10067,1976,2n Cycle,25176,8/10/2013,79,1,2,7
7532,1980,Graduation,43586,8/30/2012,26,3,4,8
4915,1956,2n Cycle,53230,8/3/2012,86,5,12,5
2115,1957,Graduation,50116,6/20/2014,68,1,4,5
2088,1972,Graduation,84906,10/4/2013,98,5,12,2
2493,1966,Graduation,61286,8/2/2013,34,7,8,5
6292,1986,PhD,82333,3/30/2013,60,4,10,2
1631,1965,PhD,65220,9/3/2012,3,8,7,6
10104,1974,Graduation,33590,11/3/2013,65,1,2,7
3006,1976,Graduation,30992,4/22/2013,83,1,3,7
3919,1976,Master,72309,3/11/2013,64,5,8,3
11181,1949,PhD,156924,8/29/2013,85,0,0,0
642,1980,Basic,16005,8/14/2012,69,2,2,8
4369,1957,Master,65487,1/10/2014,48,3,6,2
10127,1965,Graduation,58692,4/6/2014,21,8,4,7
271,1969,Graduation,40590,10/2/2013,30,3,3,6
4973,1970,Graduation,20587,5/11/2014,39,1,2,7
2948,1954,Master,62637,3/1/2014,76,2,5,2
2715,1966,Master,29435,8/6/2012,11,3,2,9
10432,1974,Graduation,19346,1/30/2014,26,1,3,8
9216,1971,Graduation,35788,1/23/2014,34,2,3,6
7124,1968,Graduation,36997,2/1/2013,72,2,4,5
9727,1957,Graduation,23539,2/28/2014,13,2,4,6
5136,1973,Graduation,65333,1/17/2014,58,9,8,6
9790,1957,Graduation,78499,11/23/2013,12,11,4,4
1818,1971,PhD,29732,3/25/2014,23,2,2,9
1100,1960,Master,41275,3/24/2014,33,3,3,5
7873,1973,PhD,63516,7/6/2013,30,4,7,5
10609,1962,PhD,42769,10/12/2013,15,1,4,4
6950,1958,Master,49572,12/15/2013,25,2,3,7
7233,1972,Graduation,69209,9/17/2012,4,5,6,4
9481,1976,Graduation,17148,1/28/2014,80,3,3,8
7699,1969,Graduation,40590,10/2/2013,30,3,3,6
2711,1976,Master,30560,6/27/2013,6,1,3,7
8933,1983,2n Cycle,32146,5/12/2014,16,2,4,6
8726,1964,2n Cycle,41713,4/29/2014,57,3,4,6
1515,1975,Master,34176,1/22/2014,9,1,3,3
5186,1955,PhD,58482,3/12/2014,59,7,9,6
10157,1965,Graduation,59686,1/25/2014,78,4,6,4
5667,1964,PhD,60896,10/11/2012,90,9,4,6
902,1980,Graduation,62994,3/4/2014,74,6,4,6
977,1957,Graduation,47320,8/1/2013,10,5,8,6
7313,1949,2n Cycle,74859,6/3/2013,63,6,11,3
7600,1992,Basic,15253,10/28/2013,13,1,3,7
9706,1974,PhD,31560,6/24/2013,98,2,3,8
2429,1954,Graduation,72071,2/14/2013,4,5,8,2
3520,1990,Master,91172,3/27/2013,94,4,7,3
10394,1984,Graduation,90000,12/23/2013,91,4,5,1
4548,1981,Graduation,41967,11/23/2013,66,1,3,4
9362,1965,Graduation,69263,3/5/2014,14,9,7,6
3968,1970,2n Cycle,65706,6/28/2013,77,11,12,7
4084,1975,Graduation,60934,1/17/2014,41,6,11,4
6721,1951,Graduation,71965,7/29/2013,21,6,5,3
2829,1955,Graduation,65210,3/10/2014,25,9,8,6
1772,1975,PhD,79174,1/11/2013,2,5,7,2
1544,1967,Master,81380,12/22/2012,51,4,10,2
492,1973,PhD,48432,10/18/2012,3,7,6,8
4377,1971,Graduation,52914,1/7/2013,32,7,3,7
4541,1955,Graduation,38946,10/24/2013,84,3,6,5
1321,1974,Graduation,26067,11/4/2013,49,3,3,8
8858,1972,PhD,44325,3/7/2013,69,8,7,8
3266,1964,Graduation,42523,4/23/2014,96,1,4,2
11187,1978,Basic,26487,5/20/2013,23,2,3,5
8207,1957,2n Cycle,53233,3/18/2014,18,1,3,4
9723,1960,Graduation,67716,1/10/2013,8,7,13,5
2666,1972,Master,76234,2/6/2014,21,8,11,3
5721,1956,PhD,84117,5/11/2014,60,7,6,2
10652,1957,Master,65487,1/10/2014,48,3,6,2
1646,1972,Basic,25224,3/16/2014,36,1,3,3
4418,1983,Master,89616,2/25/2013,36,7,12,2
2656,1971,Graduation,40851,2/21/2013,63,1,2,7
7990,1947,Graduation,27469,8/2/2012,2,0,3,6
8722,1957,2n Cycle,82347,11/6/2012,38,7,10,3
7118,1957,Graduation,73803,8/1/2012,61,9,6,6
2980,1952,Master,8820,3/22/2013,52,3,3,8
1839,1974,Graduation,43322,4/21/2014,25,3,4,7
10722,1973,Graduation,55593,8/21/2013,63,6,3,6
2632,1954,Graduation,50501,6/18/2013,10,5,4,6
9014,1975,Graduation,37085,6/26/2014,65,3,3,8
7620,1990,Basic,16185,8/5/2013,71,2,2,8
10968,1969,Graduation,57731,11/23/2012,0,8,6,6
11133,1973,PhD,48432,10/18/2012,3,7,6,8
2736,1978,Graduation,73807,1/2/2013,88,5,11,2
1876,1990,Graduation,18929,2/16/2013,15,1,4,6
5959,1968,Graduation,35893,10/15/2012,80,3,5,8
1092,1980,Graduation,61014,8/11/2012,17,9,4,7
4333,1954,Graduation,32144,3/23/2014,76,2,3,7
3850,1963,Basic,14918,12/7/2012,52,1,3,6
6168,1963,Graduation,45146,7/15/2013,28,1,2,4
607,1955,2n Cycle,41769,2/13/2013,31,8,7,8
10469,1981,Graduation,88325,2/5/2014,42,6,9,2
6983,1950,Master,38054,5/1/2014,24,2,3,7
3661,1995,2n Cycle,80617,10/12/2012,42,4,8,2
9303,1976,Graduation,5305,7/30/2013,12,1,0,13
692,1954,Graduation,36807,12/20/2012,88,1,2,6
736,1983,Graduation,28427,3/21/2013,67,2,3,8
9589,1948,PhD,82032,4/5/2014,54,4,7,1
4838,1978,Graduation,22775,6/19/2013,40,1,2,8
9246,1985,Master,40101,10/14/2012,73,6,6,7
6261,1979,Graduation,58025,11/26/2013,81,3,10,4
7366,1982,Master,75777,7/4/2013,12,3,11,1
10659,1979,2n Cycle,7500,5/7/2013,7,3,2,7
1448,1963,Master,33562,6/25/2014,33,2,4,4
4286,1970,PhD,57642,1/9/2014,24,7,6,4
4749,1968,Graduation,58554,9/26/2012,55,8,6,7
4478,1979,Graduation,63777,3/24/2013,87,11,6,8
4201,1962,Graduation,57967,3/3/2013,39,4,8,5
8720,1978,2n Cycle,,8/12/2012,53,0,1,0
10084,1972,Graduation,24434,5/18/2014,9,2,2,7
7004,1984,Graduation,11012,3/16/2013,82,3,2,9
9817,1970,Master,44802,8/21/2012,71,9,12,8
8080,1986,Graduation,26816,8/17/2012,50,0,3,4
9432,1977,Graduation,666666,6/2/2013,23,3,3,6
8372,1974,Graduation,34421,7/1/2013,81,1,2,7
10870,1967,Graduation,61223,6/13/2013,46,9,4,5
4001,1946,PhD,64014,6/10/2014,56,8,5,7
7270,1981,Graduation,56981,1/25/2014,91,2,13,6
8235,1956,Master,69245,1/24/2014,8,6,10,3
9405,1954,PhD,52869,10/15/2012,40,3,4,7